username,public_repos,public_gists,followers,following,created_at,updated_at,hireable,site_admin,last_active,days_inactive,churned
torvalds,12,1,307501,0,2011-09-03T15:26:22Z,2026-06-02T05:33:59Z,,False,2026-06-02 05:33:59+00:00,13,0
karpathy,63,13,199735,8,2010-04-10T17:55:32Z,2026-03-09T20:56:54Z,,False,2026-03-09 20:56:54+00:00,97,0
openai,255,0,123769,0,2015-10-03T19:34:05Z,2026-04-17T23:58:17Z,,False,2026-04-17 23:58:17+00:00,58,0
microsoft,8015,0,122747,0,2013-12-10T19:06:48Z,2025-06-06T20:30:56Z,,False,2025-06-06 20:30:56+00:00,373,1
claude,0,0,119460,0,2009-05-07T00:15:43Z,2026-01-02T00:03:45Z,,False,2026-01-02 00:03:45+00:00,164,0
gustavoguanabara,8,0,113276,3,2014-09-07T03:56:50Z,2026-04-18T09:51:31Z,,False,2026-04-18 09:51:31+00:00,58,0
yyx990803,198,73,108246,100,2010-11-28T01:05:40Z,2026-04-24T09:28:14Z,,False,2026-04-24 09:28:14+00:00,52,0
deepseek-ai,34,0,93281,0,2023-10-18T09:17:52Z,2024-03-23T17:55:39Z,,False,2024-03-23 17:55:39+00:00,813,1
gaearon,296,82,90843,174,2011-05-25T18:18:31Z,2026-06-09T20:51:49Z,,False,2026-06-09 20:51:49+00:00,5,0
peng-zhihui,60,0,86885,9,2015-06-22T04:59:39Z,2026-04-30T00:39:13Z,,False,2026-04-30 00:39:13+00:00,46,0
ruanyf,75,27,86678,0,2011-07-10T01:07:17Z,2026-06-07T10:21:19Z,,False,2026-06-07 10:21:19+00:00,8,0
sindresorhus,1134,99,79768,31,2009-12-20T22:57:02Z,2026-06-12T08:47:25Z,,False,2026-06-12 08:47:25+00:00,3,0
github,552,0,77523,0,2008-05-11T04:37:31Z,2026-05-06T23:12:05Z,,False,2026-05-06 23:12:05+00:00,39,0
bradtraversy,321,53,75984,9,2013-09-26T15:36:02Z,2026-05-12T19:07:26Z,True,False,2026-05-12 19:07:26+00:00,33,0
google,2879,0,74096,0,2012-01-18T01:30:18Z,2025-06-28T19:58:20Z,,False,2025-06-28 19:58:20+00:00,351,1
anthropics,90,0,70122,0,2020-12-19T18:49:20Z,2025-05-20T18:06:55Z,,False,2025-05-20 18:06:55+00:00,390,1
JakeWharton,151,54,68358,9,2009-03-24T16:09:53Z,2026-06-09T20:38:48Z,,False,2026-06-09 20:38:48+00:00,5,0
huggingface,439,0,64659,0,2017-02-12T11:20:28Z,2025-10-09T16:40:46Z,,False,2025-10-09 16:40:46+00:00,249,1
TheAlgorithms,44,0,62621,0,2016-07-16T08:17:02Z,2021-05-08T06:44:32Z,,False,2021-05-08 06:44:32+00:00,1864,1
lucidrains,398,33,60912,4,2009-07-25T19:06:27Z,2026-03-25T14:15:13Z,,False,2026-03-25 14:15:13+00:00,82,0
rafaballerini,59,6,59611,30,2019-08-20T15:07:30Z,2026-04-03T18:48:34Z,,False,2026-04-03 18:48:34+00:00,72,0
hiteshchoudhary,123,6,57985,0,2015-03-23T13:03:25Z,2026-06-04T14:16:27Z,,False,2026-06-04 14:16:27+00:00,11,0
IDouble,61,2,53905,534201,2016-03-31T09:16:13Z,2026-06-12T16:13:11Z,,False,2026-06-12 16:13:11+00:00,3,0
tj,296,551,51772,45,2008-09-18T22:37:28Z,2026-04-02T08:29:42Z,,False,2026-04-02 08:29:42+00:00,74,0
steipete,174,297,51449,109,2009-02-27T08:34:22Z,2026-06-14T05:35:28Z,,False,2026-06-14 05:35:28+00:00,1,0
EpicGames,13,0,51063,0,2014-02-07T13:01:43Z,2024-05-23T18:01:53Z,,False,2024-05-23 18:01:53+00:00,752,1
addyosmani,356,176,49987,266,2009-08-01T18:39:25Z,2026-04-17T06:03:52Z,,False,2026-04-17 06:03:52+00:00,59,0
ThePrimeagen,236,0,49260,5,2013-05-17T15:05:59Z,2026-06-11T20:34:13Z,,False,2026-06-11 20:34:13+00:00,3,0
modelcontextprotocol,42,0,48022,0,2024-09-20T20:53:28Z,2026-06-11T23:00:30Z,,False,2026-06-11 23:00:30+00:00,3,0
geohot,102,33,46820,0,2009-04-12T03:30:56Z,2026-04-29T21:38:33Z,,False,2026-04-29 21:38:33+00:00,46,0
getify,74,411,45154,3,2009-11-08T06:56:21Z,2026-04-28T20:14:44Z,True,False,2026-04-28 20:14:44+00:00,47,0
krishnaik06,347,0,41891,0,2016-06-20T09:25:45Z,2026-06-05T08:16:42Z,,False,2026-06-05 08:16:42+00:00,10,0
CodeWithHarry,41,3,41193,0,2019-03-19T04:36:09Z,2026-06-01T09:54:05Z,,False,2026-06-01 09:54:05+00:00,14,0
3b1b,9,0,40532,0,2015-03-22T18:42:35Z,2026-04-16T23:57:22Z,,False,2026-04-16 23:57:22+00:00,59,0
nilbuild,115,26,40208,198,2013-07-02T12:54:45Z,2026-05-20T11:09:57Z,True,False,2026-05-20 11:09:57+00:00,26,0
filipedeschamps,22,0,40115,8366,2013-04-24T17:59:20Z,2026-06-11T19:48:56Z,,False,2026-06-11 19:48:56+00:00,3,0
Microsoft-corp,0,0,39586,0,2018-03-07T22:36:56Z,2019-04-03T20:34:33Z,,False,2019-04-03 20:34:33+00:00,2629,1
antfu,396,39,39493,409,2015-02-28T16:55:50Z,2026-06-08T04:48:29Z,,False,2026-06-08 04:48:29+00:00,7,0
michaelliao,118,0,38533,3,2010-11-06T12:21:35Z,2026-05-24T12:26:43Z,,False,2026-05-24 12:26:43+00:00,22,0
rasbt,149,15,38444,41,2013-10-05T16:06:10Z,2026-05-15T02:33:36Z,,False,2026-05-15 02:33:36+00:00,31,0
midudev,229,11,38416,2,2012-03-21T18:31:36Z,2026-05-17T04:36:55Z,,False,2026-05-17 04:36:55+00:00,29,0
apple,430,0,38008,0,2015-01-21T20:19:28Z,2026-04-15T00:43:33Z,,False,2026-04-15 00:43:33+00:00,61,0
JohnMwendwa,112,1,37968,41520,2020-10-10T16:10:04Z,2026-04-02T16:32:20Z,True,False,2026-04-02 16:32:20+00:00,74,0
kunal-kushwaha,48,1,37266,0,2018-08-25T15:01:59Z,2026-05-19T16:44:28Z,,False,2026-05-19 16:44:28+00:00,27,0
adrianhajdin,160,62,37012,0,2017-01-03T16:57:28Z,2026-06-13T22:56:13Z,True,False,2026-06-13 22:56:13+00:00,1,0
llSourcell,491,212,36744,4,2011-12-22T09:57:32Z,2026-05-11T10:25:08Z,True,False,2026-05-11 10:25:08+00:00,35,0
dmalan,21,3,36347,7,2011-05-15T03:17:43Z,2026-06-02T16:14:54Z,True,False,2026-06-02 16:14:54+00:00,13,0
facebookresearch,1410,0,36308,0,2016-01-28T18:56:55Z,2026-05-07T21:24:49Z,,False,2026-05-07 21:24:49+00:00,38,0
mouredev,52,3,35978,2,2016-02-03T09:53:44Z,2026-02-15T09:13:20Z,True,False,2026-02-15 09:13:20+00:00,120,0
facebook,165,12,35842,0,2009-04-02T03:35:22Z,2026-05-07T21:24:44Z,,False,2026-05-07 21:24:44+00:00,38,0
taylorotwell,34,9,35586,3,2010-11-01T20:15:30Z,2026-06-02T01:42:07Z,,False,2026-06-02 01:42:07+00:00,13,0
wesbos,434,76,35567,30,2010-01-04T10:11:44Z,2026-04-21T12:16:26Z,True,False,2026-04-21 12:16:26+00:00,55,0
Visual-Studio-Code,1,0,35007,0,2020-02-15T00:02:35Z,2024-08-14T12:13:15Z,,False,2024-08-14 12:13:15+00:00,670,1
kentcdodds,750,261,34818,49,2012-03-04T22:32:01Z,2026-06-05T22:04:37Z,,False,2026-06-05 22:04:37+00:00,9,0
freeCodeCamp,239,5,33648,0,2014-11-22T00:12:57Z,2026-06-04T12:13:36Z,,False,2026-06-04 12:13:36+00:00,11,0
ry,62,302,33203,40,2008-01-29T08:50:34Z,2026-05-16T11:57:40Z,,False,2026-05-16 11:57:40+00:00,30,0
diego3g,75,166,32682,88,2012-08-31T11:46:00Z,2026-06-08T14:14:32Z,,False,2026-06-08 14:14:32+00:00,7,0
iamshaunjp,150,2,32500,1,2014-11-19T06:40:23Z,2026-05-28T14:41:38Z,True,False,2026-05-28 14:41:38+00:00,18,0
WebDevSimplified,236,2,32390,0,2018-05-29T02:08:43Z,2026-06-10T19:43:17Z,,False,2026-06-10 19:43:17+00:00,4,0
iam-veeramalla,97,22,31998,1,2018-09-19T05:58:52Z,2026-06-09T18:32:27Z,,False,2026-06-09 18:32:27+00:00,5,0
paulirish,383,120,31865,336,2008-12-09T00:39:23Z,2026-05-30T23:13:39Z,,False,2026-05-30 23:13:39+00:00,15,0
tiangolo,51,1,31467,7,2012-01-12T22:37:04Z,2026-06-12T15:47:49Z,True,False,2026-06-12 15:47:49+00:00,3,0
python,91,0,31285,0,2012-03-11T15:56:37Z,2026-06-09T17:01:03Z,,False,2026-06-09 17:01:03+00:00,6,0
pewdiepie-archdaemon,2,0,29931,0,2025-08-27T21:42:51Z,2026-06-03T22:41:36Z,,False,2026-06-03 22:41:36+00:00,11,0
ReVanced,50,0,29905,0,2022-03-14T19:42:45Z,2025-10-11T17:57:59Z,,False,2025-10-11 17:57:59+00:00,246,1
community,4,0,29902,0,2021-11-05T15:55:03Z,2026-05-31T12:36:45Z,,False,2026-05-31 12:36:45+00:00,15,0
kennethreitz,81,262,29881,224,2009-08-26T21:17:47Z,2026-05-14T18:23:32Z,,False,2026-05-14 18:23:32+00:00,31,0
StephenGrider,131,14,29191,14,2013-07-13T18:34:45Z,2026-06-08T16:09:03Z,,False,2026-06-08 16:09:03+00:00,7,0
datawhalechina,215,0,28990,0,2018-12-21T11:17:27Z,2025-12-17T12:25:23Z,,False,2025-12-17 12:25:23+00:00,180,0
benawad,256,137,28973,4,2014-06-12T15:55:20Z,2026-06-14T01:42:51Z,,False,2026-06-14 01:42:51+00:00,1,0
vercel,234,0,28954,0,2015-10-05T19:40:30Z,2026-04-28T17:04:11Z,,False,2026-04-28 17:04:11+00:00,48,0
jonasschmedtmann,7,1,28800,0,2016-04-28T11:17:03Z,2026-04-06T06:24:56Z,,False,2026-04-06 06:24:56+00:00,70,0
gamemann,182,11,28782,90270,2014-01-26T22:43:05Z,2026-05-01T07:39:14Z,,False,2026-05-01 07:39:14+00:00,45,0
antirez,108,218,28678,4,2009-03-21T22:29:53Z,2026-04-23T14:18:39Z,,False,2026-04-23 14:18:39+00:00,53,0
brahmGAN,18,0,27310,0,2023-02-24T23:26:37Z,2025-11-10T11:31:03Z,,False,2025-11-10 11:31:03+00:00,217,1
elyxdev,15,0,27156,1,2023-11-19T23:00:22Z,2024-12-02T08:35:10Z,True,False,2024-12-02 08:35:10+00:00,560,1
geerlingguy,313,57,27056,66,2010-11-15T03:12:45Z,2026-05-21T20:33:15Z,,False,2026-05-21 20:33:15+00:00,24,0
buckyroberts,45,23,27006,22,2014-08-25T16:33:40Z,2026-05-26T12:15:13Z,,False,2026-05-26 12:15:13+00:00,20,0
NVIDIA,749,0,26764,0,2012-05-10T22:06:34Z,2026-02-19T17:09:33Z,,False,2026-02-19 17:09:33+00:00,116,0
jwasham,30,1,26697,6,2013-03-05T03:55:46Z,2026-04-25T15:57:20Z,,False,2026-04-25 15:57:20+00:00,51,0
hadley,251,183,26650,1,2008-04-01T14:47:36Z,2026-06-07T13:30:10Z,,False,2026-06-07 13:30:10+00:00,8,0
gvanrossum,28,12,26356,5,2012-11-26T18:46:40Z,2026-06-12T17:59:27Z,,False,2026-06-12 17:59:27+00:00,2,0
ProgrammingHero1,1043,0,25447,0,2019-08-06T01:22:55Z,2026-05-23T12:44:07Z,,False,2026-05-23 12:44:07+00:00,23,0
BEPb,43,0,25376,26945,2019-11-03T07:41:52Z,2026-04-27T07:51:56Z,True,False,2026-04-27 07:51:56+00:00,49,0
mrdoob,58,73,25216,200,2009-06-19T16:54:00Z,2026-06-08T08:32:12Z,,False,2026-06-08 08:32:12+00:00,7,0
techwithtim,224,0,25134,2,2018-01-11T20:46:30Z,2026-06-15T08:39:10Z,,False,2026-06-15 08:39:10+00:00,0,0
dhh,6,56,25081,0,2008-03-10T17:53:51Z,2026-05-22T16:17:37Z,,False,2026-05-22 16:17:37+00:00,24,0
mitsuhiko,340,272,25075,25,2008-04-15T10:03:57Z,2026-06-07T08:25:02Z,,False,2026-06-07 08:25:02+00:00,8,0
google-deepmind,393,0,24975,0,2014-08-30T05:33:51Z,2025-06-28T19:58:26Z,,False,2025-06-28 19:58:26+00:00,351,1
sdras,103,5,24944,153,2012-09-04T23:09:42Z,2026-06-03T18:43:03Z,,False,2026-06-03 18:43:03+00:00,11,0
daimajia,97,10,24930,271,2012-10-07T02:40:06Z,2026-06-13T05:55:16Z,,False,2026-06-13 05:55:16+00:00,2,0
mojombo,66,62,24639,11,2007-10-20T05:24:19Z,2026-05-29T01:54:43Z,,False,2026-05-29 01:54:43+00:00,17,0
hkirat,160,6,24450,127,2014-07-06T09:05:37Z,2026-05-02T14:45:21Z,,False,2026-05-02 14:45:21+00:00,44,0
kelseyhightower,196,241,24247,13,2011-10-12T18:38:48Z,2026-03-07T17:17:22Z,True,False,2026-03-07 17:17:22+00:00,99,0
SebLague,93,0,24080,0,2013-04-26T16:22:27Z,2026-02-27T18:36:01Z,,False,2026-02-27 18:36:01+00:00,107,0
donnemartin,27,0,23982,2,2013-09-14T15:45:40Z,2026-03-12T01:24:17Z,True,False,2026-03-12 01:24:17+00:00,95,0
jadijadi,110,9,23719,68,2011-12-28T15:29:15Z,2026-06-08T07:35:42Z,True,False,2026-06-08 07:35:42+00:00,7,0
keijiro,923,215,23677,0,2010-07-26T02:03:23Z,2026-06-09T12:48:32Z,True,False,2026-06-09 12:48:32+00:00,6,0
mdo,33,11,23675,1,2009-06-25T02:06:14Z,2026-05-11T17:44:30Z,,False,2026-05-11 17:44:30+00:00,34,0
mli,21,1,23640,1,2010-09-30T05:40:52Z,2026-06-10T02:09:14Z,,False,2026-06-10 02:09:14+00:00,5,0
liyupi,103,0,23616,30,2017-02-26T08:44:22Z,2026-05-28T02:52:40Z,True,False,2026-05-28 02:52:40+00:00,18,0
mbostock,88,1043,23388,0,2010-03-25T22:02:56Z,2026-04-10T07:01:19Z,,False,2026-04-10 07:01:19+00:00,66,0
mattpocock,222,83,23359,33,2017-05-02T09:05:18Z,2026-05-16T11:55:42Z,,False,2026-05-16 11:55:42+00:00,30,0
chiphuyen,30,1,23308,7,2015-04-17T17:20:11Z,2026-06-14T06:23:52Z,True,False,2026-06-14 06:23:52+00:00,1,0
tpope,85,56,23301,20,2008-02-18T18:08:55Z,2025-09-08T16:05:22Z,,True,2025-09-08 16:05:22+00:00,280,1
Visualize-ML,10,0,23298,0,2022-05-18T10:38:18Z,2026-06-11T19:45:23Z,,False,2026-06-11 19:45:23+00:00,3,0
apache,3137,0,23135,0,2009-01-17T20:14:40Z,2026-06-12T11:35:31Z,,False,2026-06-12 11:35:31+00:00,3,0
codediodeio,65,39,23113,89,2014-12-13T01:26:59Z,2026-05-26T14:27:52Z,,False,2026-05-26 14:27:52+00:00,20,0
mitchellh,119,107,23015,0,2008-02-27T23:27:54Z,2026-03-14T13:30:05Z,,False,2026-03-14 13:30:05+00:00,93,0
octocat,8,8,22967,9,2011-01-25T18:44:36Z,2026-05-22T11:38:32Z,,False,2026-05-22 11:38:32+00:00,24,0
dotnet,278,0,22738,0,2014-10-10T20:31:36Z,2020-11-17T20:32:49Z,,False,2020-11-17 20:32:49+00:00,2035,1
defunkt,107,274,22709,215,2007-10-20T05:24:19Z,2025-08-08T19:18:26Z,,False,2025-08-08 19:18:26+00:00,310,1
programthink,5,0,22543,0,2013-04-01T15:34:44Z,2018-04-24T08:56:24Z,,False,2018-04-24 08:56:24+00:00,2974,1
termux,63,0,22427,0,2014-07-08T16:02:31Z,2026-05-28T12:00:36Z,,False,2026-05-28 12:00:36+00:00,18,0
xiaolai,214,52,22403,40,2009-11-13T18:29:42Z,2026-05-25T06:37:31Z,,False,2026-05-25 06:37:31+00:00,21,0
standardgalactic,23990,113,22358,1124748,2018-09-23T12:40:35Z,2026-06-06T19:12:23Z,,False,2026-06-06 19:12:23+00:00,8,0
openclaw,74,0,22178,0,2026-01-04T02:59:23Z,2026-05-20T18:57:29Z,,False,2026-05-20 18:57:29+00:00,25,0
brunosimon,84,5,21996,0,2013-09-11T23:44:41Z,2026-03-09T09:30:44Z,True,False,2026-03-09 09:30:44+00:00,98,0
flutter,24,0,21977,0,2015-09-03T00:37:37Z,2025-06-28T19:58:28Z,,False,2025-06-28 19:58:28+00:00,351,1
AlexTheAnalyst,19,0,21960,0,2020-01-28T03:49:40Z,2026-05-18T14:00:35Z,,False,2026-05-18 14:00:35+00:00,28,0
douglascrockford,20,0,21916,2,2010-05-02T22:59:49Z,2026-01-06T19:19:46Z,,False,2026-01-06 19:19:46+00:00,159,0
MorvanZhou,57,1,21640,3,2016-05-17T12:19:13Z,2026-05-21T12:41:42Z,True,False,2026-05-21 12:41:42+00:00,25,0
cloudwu,139,67,21635,2,2011-04-14T15:57:13Z,2026-06-04T23:21:49Z,,False,2026-06-04 23:21:49+00:00,10,0
kenjinote,678,55,21618,56982,2012-10-20T08:51:31Z,2026-06-14T16:03:02Z,,False,2026-06-14 16:03:02+00:00,1,0
tensorflow,107,0,21441,0,2015-11-04T19:32:50Z,2025-06-28T19:58:28Z,,False,2025-06-28 19:58:28+00:00,351,1
Asabeneh,192,26,21424,21,2014-10-03T12:13:33Z,2026-05-19T11:48:50Z,True,False,2026-05-19 11:48:50+00:00,27,0
JacksonTian,273,77,21361,208,2010-07-09T02:46:57Z,2026-06-08T14:04:53Z,,False,2026-06-08 14:04:53+00:00,7,0
lllyasviel,38,0,21340,2,2016-06-09T08:35:46Z,2026-04-10T04:39:49Z,,False,2026-04-10 04:39:49+00:00,66,0
lucast1574,42,0,21055,10,2023-05-04T21:41:57Z,2026-05-20T05:10:30Z,,False,2026-05-20 05:10:30+00:00,26,0
phodal,385,16,20751,8,2010-11-08T11:46:51Z,2026-06-02T13:39:22Z,True,False,2026-06-02 13:39:22+00:00,13,0
john-smilga,262,0,20712,0,2018-08-06T06:48:23Z,2026-05-26T11:43:30Z,,False,2026-05-26 11:43:30+00:00,20,0
GoogleCloudPlatform,1489,0,20544,0,2012-11-16T04:52:17Z,2025-06-28T19:58:22Z,,False,2025-06-28 19:58:22+00:00,351,1
angelabauer,47,26,20486,0,2014-09-16T21:03:28Z,2026-05-07T08:15:10Z,,False,2026-05-07 08:15:10+00:00,39,0
Rich-Harris,395,109,20482,0,2011-10-31T10:36:05Z,2026-06-14T15:37:57Z,,False,2026-06-14 15:37:57+00:00,1,0
cs50,129,0,20464,0,2011-05-15T03:15:28Z,2024-10-06T01:42:33Z,,False,2024-10-06 01:42:33+00:00,617,1
developedbyed,22,0,20447,4,2017-08-17T18:54:11Z,2026-04-02T21:19:56Z,True,False,2026-04-02 21:19:56+00:00,73,0
vuejs,124,0,20440,0,2013-12-07T06:13:00Z,2026-06-09T12:47:17Z,,False,2026-06-09 12:47:17+00:00,6,0
MrXyfir,6,4,20152,1,2015-05-08T16:00:45Z,2026-05-30T23:17:23Z,,False,2026-05-30 23:17:23+00:00,15,0
tachiyomiorg,14,0,20019,0,2019-07-25T12:00:53Z,2026-05-28T14:13:12Z,,False,2026-05-28 14:13:12+00:00,18,0
ggerganov,71,10,19945,13,2012-07-17T12:41:43Z,2026-06-10T15:11:39Z,,False,2026-06-10 15:11:39+00:00,5,0
alibaba,540,0,19926,0,2012-07-12T08:40:35Z,2026-06-09T02:27:03Z,,False,2026-06-09 02:27:03+00:00,6,0
langchain-ai,243,0,19884,0,2023-03-02T00:37:16Z,2026-06-10T13:58:47Z,,False,2026-06-10 13:58:47+00:00,5,0
loiane,223,33,19796,149,2009-03-03T00:17:04Z,2026-01-01T17:31:14Z,,False,2026-01-01 17:31:14+00:00,164,0
home-assistant,106,0,19559,0,2015-08-18T04:27:28Z,2026-02-12T22:24:13Z,,False,2026-02-12 22:24:13+00:00,122,0
shiffman,174,59,19504,35,2010-01-28T18:58:55Z,2026-06-06T17:15:47Z,,False,2026-06-06 17:15:47+00:00,8,0
jakevdp,241,68,19350,6,2011-05-11T14:39:53Z,2026-05-30T16:25:04Z,,False,2026-05-30 16:25:04+00:00,16,0
unicitynetwork,79,0,19329,0,2024-10-21T17:17:45Z,2026-01-22T08:15:14Z,,False,2026-01-22 08:15:14+00:00,144,0
PacktPublishing,9603,0,19205,0,2015-02-12T10:36:37Z,2024-12-22T08:19:28Z,,False,2024-12-22 08:19:28+00:00,540,1
mattt,132,58,19105,463,2008-04-17T03:18:54Z,2026-05-28T19:54:02Z,,False,2026-05-28 19:54:02+00:00,17,0
jeresig,111,20,19048,30,2008-02-28T16:48:23Z,2026-06-05T11:24:54Z,,False,2026-06-05 11:24:54+00:00,10,0
chrisbanes,62,22,18915,4,2010-03-21T20:53:45Z,2026-05-27T14:45:21Z,,False,2026-05-27 14:45:21+00:00,19,0
t3dotgg,130,16,18885,65,2014-02-21T21:06:44Z,2026-04-30T08:20:51Z,True,False,2026-04-30 08:20:51+00:00,46,0
android,146,0,18603,0,2017-10-10T23:00:21Z,2025-06-28T19:58:33Z,,False,2025-06-28 19:58:33+00:00,351,1
cumsoft,8,53,18492,175237,2022-01-06T18:27:26Z,2024-10-29T15:03:45Z,True,False,2024-10-29 15:03:45+00:00,594,1
sandhikagalih,102,6,18453,22,2012-10-30T08:18:44Z,2026-06-05T11:41:06Z,,False,2026-06-05 11:41:06+00:00,10,0
esin,52,9,18280,190703,2009-04-02T12:01:48Z,2026-01-30T21:01:37Z,,False,2026-01-30 21:01:37+00:00,135,0
bytedance,410,0,18070,0,2013-04-15T08:03:53Z,2026-03-20T05:48:29Z,,False,2026-03-20 05:48:29+00:00,87,0
fchollet,16,10,18062,0,2011-04-05T08:25:37Z,2026-06-01T11:37:39Z,,False,2026-06-01 11:37:39+00:00,14,0
akitaonrails,166,106,18055,4,2008-03-11T17:14:52Z,2026-04-29T19:29:33Z,,False,2026-04-29 19:29:33+00:00,46,0
aws-samples,8524,0,17988,0,2014-09-26T17:29:50Z,2025-11-14T22:40:49Z,,False,2025-11-14 22:40:49+00:00,212,1
metatimeofficial,2,0,17954,0,2022-07-25T11:52:49Z,2023-05-08T15:17:14Z,,False,2023-05-08 15:17:14+00:00,1134,1
trekhleb,27,0,17897,7,2012-12-09T08:38:00Z,2025-12-12T04:22:06Z,True,False,2025-12-12 04:22:06+00:00,185,1
AUTOMATIC1111,45,5,17811,0,2016-08-09T05:39:07Z,2026-04-05T14:00:15Z,,False,2026-04-05 14:00:15+00:00,71,0
ageron,92,19,17572,5,2009-04-22T16:51:48Z,2026-06-10T05:44:47Z,,False,2026-06-10 05:44:47+00:00,5,0
vczh,13,10,17521,11,2011-05-07T08:30:48Z,2025-12-25T00:11:49Z,,False,2025-12-25 00:11:49+00:00,172,0
halfrost,34,0,17463,363,2015-02-03T07:01:48Z,2026-06-13T20:15:13Z,,False,2026-06-13 20:15:13+00:00,1,0
rust-lang,244,0,17461,0,2013-09-10T21:48:20Z,2025-11-18T16:06:04Z,,False,2025-11-18 16:06:04+00:00,209,1
codecrafters-io,132,0,17447,0,2019-12-15T10:01:57Z,2026-05-13T07:16:17Z,,False,2026-05-13 07:16:17+00:00,33,0
QwenLM,45,0,17421,0,2023-08-02T08:18:52Z,2025-11-13T02:41:49Z,,False,2025-11-13 02:41:49+00:00,214,1
jackfrued,145,0,17253,8,2014-05-03T15:04:08Z,2026-04-23T08:06:36Z,,False,2026-04-23 08:06:36+00:00,53,0
JeffreyWay,67,161,17247,0,2010-01-15T20:52:15Z,2026-04-23T17:12:36Z,,False,2026-04-23 17:12:36+00:00,53,0
atilsamancioglu,533,1,17213,4,2016-07-18T15:39:10Z,2026-06-08T07:56:13Z,,False,2026-06-08 07:56:13+00:00,7,0
justjavac,445,15,17205,88,2010-08-10T05:24:31Z,2026-06-08T10:42:11Z,,False,2026-06-08 10:42:11+00:00,7,0
Trinea,24,9,17034,38,2011-11-03T11:05:05Z,2026-06-09T00:46:32Z,,False,2026-06-09 00:46:32+00:00,6,0
peter-kimanzi,117,2,16977,1169,2020-09-19T11:46:36Z,2026-05-11T23:50:47Z,True,False,2026-05-11 23:50:47+00:00,34,0
codingforentrepreneurs,229,22,16977,1,2014-06-30T22:02:22Z,2026-06-05T22:17:21Z,,False,2026-06-05 22:17:21+00:00,9,0
rauchg,140,31,16882,882,2008-06-09T02:22:48Z,2026-05-28T14:39:51Z,,False,2026-05-28 14:39:51+00:00,18,0
ahejlsberg,4,0,16665,0,2013-04-22T17:13:08Z,2026-05-21T17:28:27Z,,False,2026-05-21 17:28:27+00:00,24,0
maykbrito,161,30,16612,47,2014-02-10T20:07:04Z,2026-04-22T12:58:08Z,,False,2026-04-22 12:58:08+00:00,54,0
spring-projects,80,0,16575,0,2010-06-29T18:58:02Z,2025-03-27T14:46:05Z,,False,2025-03-27 14:46:05+00:00,445,1
jlord,174,45,16567,30,2012-01-05T03:24:52Z,2026-05-25T13:03:38Z,,False,2026-05-25 13:03:38+00:00,21,0
wesm,132,77,16540,57,2010-07-12T13:24:25Z,2026-06-13T12:40:03Z,,False,2026-06-13 12:40:03+00:00,2,0
elder-plinius,46,0,16421,0,2023-05-09T19:46:10Z,2026-06-09T22:08:50Z,,False,2026-06-09 22:08:50+00:00,5,0
spf13,115,14,16350,85,2009-12-29T03:37:15Z,2026-06-02T20:29:38Z,True,False,2026-06-02 20:29:38+00:00,12,0
LeaVerou,111,590,16211,47,2010-01-03T22:53:12Z,2026-06-10T14:06:44Z,,False,2026-06-10 14:06:44+00:00,5,0
josevalim,72,140,16184,11,2008-05-07T14:41:01Z,2026-06-04T12:22:50Z,,False,2026-06-04 12:22:50+00:00,11,0
isaacs,487,1343,16166,4,2008-05-04T19:43:46Z,2026-04-20T21:17:57Z,,False,2026-04-20 21:17:57+00:00,55,0
OracleBrain,50,0,16102,6712,2022-12-26T10:57:07Z,2026-06-11T16:29:09Z,True,False,2026-06-11 16:29:09+00:00,4,0
danielmiessler,77,16,16078,131,2009-01-31T05:14:04Z,2026-05-04T22:30:03Z,,False,2026-05-04 22:30:03+00:00,41,0
google-research,348,0,16068,0,2018-10-03T21:40:41Z,2025-06-28T19:58:35Z,,False,2025-06-28 19:58:35+00:00,351,1
Ovilia,66,10,16065,249,2011-05-10T12:43:24Z,2026-05-22T11:07:47Z,,False,2026-05-22 11:07:47+00:00,24,0
nodejs,231,0,16051,0,2014-11-25T17:10:50Z,2026-06-06T11:39:03Z,,False,2026-06-06 11:39:03+00:00,9,0
stormzhang,8,9,15970,94,2012-09-03T02:58:11Z,2026-06-07T22:48:15Z,,False,2026-06-07 22:48:15+00:00,7,0
leerob,39,4,15914,0,2014-10-09T14:44:16Z,2026-06-15T01:24:47Z,,False,2026-06-15 01:24:47+00:00,0,0
lifesinger,2,7,15883,14,2009-06-20T03:23:05Z,2025-03-19T02:09:02Z,,False,2025-03-19 02:09:02+00:00,453,1
shadcn,227,33,15869,0,2009-09-08T17:49:59Z,2026-05-27T13:52:55Z,,False,2026-05-27 13:52:55+00:00,19,0
idimetrix,4275,12,15850,237702,2014-01-29T15:58:22Z,2026-05-05T18:51:49Z,True,False,2026-05-05 18:51:49+00:00,40,0
DIYgod,97,3,15843,447,2014-07-25T09:27:56Z,2026-05-07T15:08:39Z,,False,2026-05-07 15:08:39+00:00,39,0
onevcat,257,124,15826,143,2011-09-01T16:27:21Z,2026-06-12T14:22:54Z,,False,2026-06-12 14:22:54+00:00,3,0
gopinav,84,3,15779,1,2015-07-02T06:20:46Z,2026-05-24T17:04:06Z,,False,2026-05-24 17:04:06+00:00,22,0
aws,547,0,15772,0,2012-08-28T05:37:55Z,2025-11-14T22:37:52Z,,False,2025-11-14 22:37:52+00:00,212,1
florinpop17,100,44,15742,35,2014-02-15T20:09:42Z,2026-05-21T10:12:27Z,True,False,2026-05-21 10:12:27+00:00,25,0
ForrestKnight,44,0,15739,4,2015-11-02T22:52:19Z,2026-05-28T17:21:04Z,True,False,2026-05-28 17:21:04+00:00,17,0
mosh-hamedani,33,1,15710,1,2013-09-12T04:38:33Z,2026-03-19T00:29:17Z,,False,2026-03-19 00:29:17+00:00,88,0
ossu,10,0,15673,0,2015-10-03T20:04:51Z,2026-06-10T12:15:24Z,,False,2026-06-10 12:15:24+00:00,5,0
Charles-Chrismann,29,0,15612,26,2021-01-28T14:18:01Z,2026-06-14T21:29:54Z,True,False,2026-06-14 21:29:54+00:00,0,0
charmbracelet,54,0,15568,0,2019-11-04T23:27:11Z,2026-06-12T23:46:03Z,,False,2026-06-12 23:46:03+00:00,2,0
kubowania,147,0,15529,36,2019-06-04T09:16:52Z,2026-05-18T16:05:14Z,True,False,2026-05-18 16:05:14+00:00,28,0
ChrisTitusTech,104,22,15462,39,2014-06-15T19:34:29Z,2026-06-10T15:00:15Z,,False,2026-06-10 15:00:15+00:00,5,0
simonw,968,335,15448,141,2008-05-07T17:22:14Z,2026-05-19T18:23:45Z,,False,2026-05-19 18:23:45+00:00,26,0
johnpapa,159,59,15365,1,2011-11-17T17:05:03Z,2026-06-05T17:48:01Z,,False,2026-06-05 17:48:01+00:00,9,0
in28minutes,105,3,15291,0,2015-09-05T14:09:58Z,2026-06-01T07:22:36Z,True,False,2026-06-01 07:22:36+00:00,14,0
twitter,101,0,15278,0,2009-01-29T19:12:31Z,2026-04-17T19:25:20Z,,False,2026-04-17 19:25:20+00:00,58,0
Klerith,572,335,15236,3,2013-01-31T13:26:33Z,2026-05-02T20:55:27Z,,False,2026-05-02 20:55:27+00:00,43,0
lydiahallie,64,1,15203,0,2017-06-15T09:05:31Z,2026-06-11T02:18:26Z,,False,2026-06-11 02:18:26+00:00,4,0
ethereum,301,0,15173,0,2013-12-24T00:26:58Z,2025-05-19T14:16:03Z,,False,2025-05-19 14:16:03+00:00,392,1
flipperdevices,122,0,15076,0,2019-11-09T23:05:27Z,2026-06-15T08:59:12Z,,False,2026-06-15 08:59:12+00:00,0,0
astaxie,83,9,15071,22,2010-03-31T06:07:58Z,2026-06-10T11:29:27Z,True,False,2026-06-10 11:29:27+00:00,5,0
matheusbattisti,187,2,15067,6,2015-04-07T15:15:46Z,2026-06-02T10:49:19Z,,False,2026-06-02 10:49:19+00:00,13,0
unclebob,91,30,15056,1,2008-11-27T04:42:05Z,2026-04-17T15:17:43Z,,False,2026-04-17 15:17:43+00:00,59,0
acdlite,74,20,14963,0,2013-02-18T08:08:56Z,2026-06-14T19:59:45Z,,False,2026-06-14 19:59:45+00:00,0,0
cassidoo,189,72,14871,105,2012-02-20T16:36:23Z,2026-06-08T23:55:52Z,,True,2026-06-08 23:55:52+00:00,6,0
feross,148,16,14850,297,2009-09-01T06:06:14Z,2026-06-07T03:38:14Z,,False,2026-06-07 03:38:14+00:00,8,0
anuraghazra,139,29,14846,125,2018-01-12T14:48:56Z,2026-06-10T11:48:39Z,,False,2026-06-10 11:48:39+00:00,5,0
Azure,2710,0,14822,0,2014-03-03T22:17:42Z,2025-04-16T20:01:30Z,,False,2025-04-16 20:01:30+00:00,424,1
RubyLouvre,129,0,14755,34,2010-01-27T12:26:59Z,2024-02-22T09:10:00Z,,False,2024-02-22 09:10:00+00:00,844,1
sorrycc,258,71,14752,76,2008-11-18T05:04:27Z,2026-05-28T08:51:21Z,,False,2026-05-28 08:51:21+00:00,18,0
taniarascia,49,97,14736,27,2015-04-14T22:48:45Z,2026-02-08T22:42:20Z,,False,2026-02-08 22:42:20+00:00,126,0
tannerlinsley,165,70,14732,14,2013-09-30T21:34:41Z,2026-03-31T02:16:52Z,,False,2026-03-31 02:16:52+00:00,76,0
CyC2018,7,0,14731,5,2018-02-08T09:03:31Z,2026-01-24T17:53:27Z,,False,2026-01-24 17:53:27+00:00,141,0
eust-w,164,1,14730,58,2018-05-09T07:07:42Z,2026-06-10T06:18:41Z,True,False,2026-06-10 06:18:41+00:00,5,0
mustafacagri,42,2,14709,122974,2014-05-05T12:47:31Z,2026-05-31T15:34:55Z,,False,2026-05-31 15:34:55+00:00,15,0
goodfeli,19,0,14690,4,2010-09-04T23:05:39Z,2025-12-04T20:53:05Z,,False,2025-12-04 20:53:05+00:00,192,1
docker,148,0,14607,0,2013-09-10T17:53:43Z,2026-03-30T21:15:16Z,,False,2026-03-30 21:15:16+00:00,76,0
unknwon,52,11,14330,2,2012-12-02T20:02:58Z,2026-05-31T01:53:36Z,,False,2026-05-31 01:53:36+00:00,15,0
davidfowl,291,176,14279,9,2009-06-13T22:27:06Z,2026-06-12T06:07:17Z,,True,2026-06-12 06:07:17+00:00,3,0
Kwynto,20,2,14182,7,2017-08-29T07:10:05Z,2026-03-01T17:53:12Z,,False,2026-03-01 17:53:12+00:00,105,0
schacon,234,98,14169,28,2008-01-27T17:19:28Z,2026-06-12T12:24:11Z,,False,2026-06-12 12:24:11+00:00,3,0
twbs,28,0,14154,0,2012-11-29T05:47:03Z,2022-11-27T13:00:41Z,,False,2022-11-27 13:00:41+00:00,1296,1
PremChapagain,2,0,14066,4,2019-02-13T05:33:07Z,2026-04-23T11:00:25Z,,False,2026-04-23 11:00:25+00:00,53,0
evanw,125,20,14065,36,2010-09-18T21:48:03Z,2026-06-11T21:28:59Z,,False,2026-06-11 21:28:59+00:00,3,0
ishandutta2007,1782,24,14054,52428,2012-10-10T10:10:31Z,2026-06-07T11:41:48Z,True,False,2026-06-07 11:41:48+00:00,8,0
google-gemini,44,0,14046,0,2024-02-29T23:57:46Z,2025-06-28T19:58:44Z,,False,2025-06-28 19:58:44+00:00,351,1
brianyu28,42,0,14029,16,2015-11-29T07:25:29Z,2026-06-11T15:05:24Z,,False,2026-06-11 15:05:24+00:00,4,0
Code-Bullet,25,0,13946,0,2018-02-07T09:03:59Z,2026-03-18T17:38:08Z,,False,2026-03-18 17:38:08+00:00,88,0
acenelio,290,0,13919,2,2015-08-21T03:24:45Z,2026-03-30T13:57:05Z,,False,2026-03-30 13:57:05+00:00,77,0
cloudflare,566,0,13876,0,2010-06-25T01:24:59Z,2025-11-18T22:03:00Z,,False,2025-11-18 22:03:00+00:00,208,1
netlify,378,0,13865,0,2014-06-15T06:49:35Z,2026-03-09T18:52:54Z,,False,2026-03-09 18:52:54+00:00,97,0
kubernetes,80,0,13853,0,2015-08-03T17:55:43Z,2024-08-28T00:31:39Z,,False,2024-08-28 00:31:39+00:00,656,1
fengdu78,17,0,13830,16,2017-03-01T15:57:52Z,2026-04-04T10:47:13Z,,False,2026-04-04 10:47:13+00:00,72,0
n8n-io,43,0,13828,0,2018-11-30T12:19:59Z,2026-06-08T10:57:53Z,,False,2026-06-08 10:57:53+00:00,7,0
tomnomnom,105,45,13822,142,2009-02-26T16:54:20Z,2025-06-11T16:11:17Z,,False,2025-06-11 16:11:17+00:00,369,1
rexim,79,72,13812,1,2009-12-10T00:28:53Z,2026-05-29T06:41:35Z,,False,2026-05-29 06:41:35+00:00,17,0
yinwang0,19,4,13812,2,2010-09-12T03:50:32Z,2026-01-26T07:35:12Z,,False,2026-01-26 07:35:12+00:00,140,0
tsoding,303,0,13771,0,2016-04-21T14:33:11Z,2022-10-04T02:20:28Z,,False,2022-10-04 02:20:28+00:00,1350,1
bailicangdu,22,0,13756,20,2016-07-05T09:14:13Z,2026-03-04T08:05:02Z,True,False,2026-03-04 08:05:02+00:00,103,0
tjdevries,178,52,13748,167,2013-05-18T19:40:24Z,2026-06-15T15:19:52Z,,False,2026-06-15 15:19:52+00:00,0,0
intel-innersource,0,0,13733,0,2019-09-13T17:06:48Z,2025-11-14T16:15:17Z,,False,2025-11-14 16:15:17+00:00,213,1
jessfraz,148,27,13691,61,2012-02-17T02:15:05Z,2026-04-29T22:14:29Z,,False,2026-04-29 22:14:29+00:00,46,0
CoreyMSchafer,31,7,13678,5,2013-04-03T12:58:54Z,2026-05-04T07:43:08Z,True,False,2026-05-04 07:43:08+00:00,42,0
jashkenas,23,388,13676,0,2008-04-03T21:10:45Z,2026-06-01T13:39:09Z,,False,2026-06-01 13:39:09+00:00,14,0
jonhoo,264,48,13671,5,2010-01-04T19:06:44Z,2026-06-13T14:02:46Z,,False,2026-06-13 14:02:46+00:00,2,0
Stability-AI,105,0,13650,0,2022-03-04T14:43:29Z,2026-05-18T21:05:37Z,,False,2026-05-18 21:05:37+00:00,27,0
knadh,66,16,13611,0,2011-01-04T15:32:55Z,2026-06-15T01:47:07Z,,False,2026-06-15 01:47:07+00:00,0,0
george0st,27,0,13582,74908,2021-12-09T11:11:51Z,2026-04-27T17:25:43Z,,False,2026-04-27 17:25:43+00:00,48,0
KaimingHe,2,0,13575,0,2015-03-12T05:08:15Z,2026-04-21T03:08:15Z,,False,2026-04-21 03:08:15+00:00,55,0
Tencent,271,0,13546,0,2016-04-14T10:38:57Z,2026-03-26T08:36:43Z,,False,2026-03-26 08:36:43+00:00,81,0
btholt,175,12,13518,77,2011-08-23T17:11:39Z,2026-04-27T19:33:06Z,,False,2026-04-27 19:33:06+00:00,48,0
fabpot,84,12,13421,0,2009-01-17T13:42:51Z,2026-03-21T20:43:59Z,,False,2026-03-21 20:43:59+00:00,85,0
PanJiaChen,73,6,13417,84,2014-07-10T06:45:26Z,2026-05-05T09:56:52Z,,False,2026-05-05 09:56:52+00:00,41,0
bot50,0,0,13390,0,2016-07-17T17:52:30Z,2026-06-11T05:57:34Z,,False,2026-06-11 05:57:34+00:00,4,0
ashishps1,42,2,13382,16,2014-09-03T20:00:40Z,2026-05-14T18:17:00Z,True,False,2026-05-14 18:17:00+00:00,31,0
vbuterin,71,12,13368,1,2012-08-28T00:33:09Z,2026-05-16T11:29:55Z,,False,2026-05-16 11:29:55+00:00,30,0
mattn,2188,1944,13365,1698,2008-05-13T01:17:13Z,2026-05-21T09:59:48Z,,False,2026-05-21 09:59:48+00:00,25,0
soumith,170,77,13355,419,2012-01-06T23:20:12Z,2026-06-04T21:32:53Z,,False,2026-06-04 21:32:53+00:00,10,0
bradfitz,174,68,13324,41,2008-03-09T05:08:14Z,2026-06-12T06:16:21Z,,False,2026-06-12 06:16:21+00:00,3,0
gitdagray,175,27,13314,1,2017-09-06T02:49:41Z,2026-06-09T21:30:00Z,,False,2026-06-09 21:30:00+00:00,5,0
yangshun,134,49,13313,296,2012-01-09T12:30:00Z,2026-04-29T12:59:22Z,,False,2026-04-29 12:59:22+00:00,47,0
abuanwar072,85,16,13311,1,2018-08-26T07:04:51Z,2026-05-27T01:40:52Z,True,False,2026-05-27 01:40:52+00:00,19,0
adamwathan,178,28,13271,12,2013-05-02T15:35:48Z,2026-02-02T18:05:40Z,,False,2026-02-02 18:05:40+00:00,132,0
egoist,811,161,13271,25,2014-09-15T22:08:21Z,2026-06-03T17:05:33Z,True,False,2026-06-03 17:05:33+00:00,12,0
professorguanabara,7,0,13253,2,2020-05-28T14:34:22Z,2025-07-09T16:11:52Z,,False,2025-07-09 16:11:52+00:00,341,1
philipplackner,313,5,13242,2,2019-08-09T07:42:14Z,2026-05-11T11:34:33Z,,False,2026-05-11 11:34:33+00:00,35,0
pytorch,70,0,13211,0,2016-08-13T05:07:47Z,2026-05-07T21:24:50Z,,False,2026-05-07 21:24:50+00:00,38,0
draveness,51,27,13187,28,2014-01-24T16:22:01Z,2026-06-15T09:16:08Z,,False,2026-06-15 09:16:08+00:00,0,0
JetBrains,826,0,13179,0,2011-06-27T10:06:52Z,2026-02-24T10:51:31Z,,False,2026-02-24 10:51:31+00:00,111,0
breakwa11,8,0,13174,0,2014-08-13T09:46:15Z,2022-06-22T05:40:37Z,,False,2022-06-22 05:40:37+00:00,1454,1
LaurieWired,38,3,13156,0,2023-01-27T18:02:45Z,2026-04-13T20:55:04Z,,False,2026-04-13 20:55:04+00:00,62,0
nicknochnack,219,8,13135,5,2013-11-15T15:06:35Z,2026-06-09T22:49:05Z,,False,2026-06-09 22:49:05+00:00,5,0
rakyll,236,14,13120,0,2009-07-24T16:35:06Z,2026-05-19T14:52:40Z,,False,2026-05-19 14:52:40+00:00,27,0
hongyangAndroid,103,9,13000,35,2015-01-26T07:05:45Z,2026-05-27T03:15:18Z,True,False,2026-05-27 03:15:18+00:00,19,0
angusshire,18,0,12998,227498,2013-11-07T07:23:07Z,2026-02-10T18:42:48Z,True,False,2026-02-10 18:42:48+00:00,124,0
developit,351,229,12987,379,2009-07-15T08:22:03Z,2026-04-29T12:44:27Z,,False,2026-04-29 12:44:27+00:00,47,0
CelaDaniel,121,0,12975,9797,2015-08-03T09:44:00Z,2026-06-15T07:29:10Z,True,False,2026-06-15 07:29:10+00:00,0,0
obsidianmd,14,0,12949,0,2020-05-08T07:55:09Z,2023-06-01T16:21:53Z,,False,2023-06-01 16:21:53+00:00,1110,1
mathiasbynens,591,60,12944,164,2009-05-07T08:06:35Z,2026-06-15T17:02:10Z,,False,2026-06-15 17:02:10+00:00,0,0
miguelgrinberg,206,23,12924,0,2012-11-03T16:29:31Z,2026-06-02T04:24:36Z,True,False,2026-06-02 04:24:36+00:00,13,0
TheCherno,38,3,12867,4,2012-02-26T08:39:00Z,2026-05-27T02:04:42Z,,False,2026-05-27 02:04:42+00:00,19,0
mdn,134,0,12854,0,2014-05-13T05:15:05Z,2026-04-26T22:10:20Z,,False,2026-04-26 22:10:20+00:00,49,0
skydoves,83,161,12836,19,2016-11-29T01:43:52Z,2026-05-22T06:28:25Z,True,False,2026-05-22 06:28:25+00:00,24,0
521xueweihan,165,11,12833,186,2014-07-24T10:16:33Z,2026-05-25T11:40:14Z,,False,2026-05-25 11:40:14+00:00,21,0
ValveSoftware,55,0,12781,0,2012-12-19T17:20:48Z,2019-06-27T21:25:06Z,,False,2019-06-27 21:25:06+00:00,2544,1
hakimel,31,19,12745,28,2011-02-21T07:33:44Z,2026-05-02T05:06:16Z,,False,2026-05-02 05:06:16+00:00,44,0
kevin-powell,113,3,12741,0,2017-02-13T16:55:01Z,2026-05-26T12:08:48Z,,False,2026-05-26 12:08:48+00:00,20,0
JohnHammond,73,33,12721,13,2013-12-30T19:29:35Z,2026-05-20T14:25:57Z,,False,2026-05-20 14:25:57+00:00,26,0
haoel,24,6,12720,32,2011-08-30T14:05:18Z,2025-07-10T17:30:44Z,,False,2025-07-10 17:30:44+00:00,339,1
htr-tech,31,4,12687,14,2019-10-17T12:00:52Z,2026-04-13T16:14:53Z,,False,2026-04-13 16:14:53+00:00,63,0
BYVoid,49,13,12672,137,2010-04-16T07:27:13Z,2026-05-24T11:29:43Z,True,False,2026-05-24 11:29:43+00:00,22,0
YunaiV,83,0,12667,66,2012-07-21T02:30:00Z,2025-12-02T07:22:13Z,,False,2025-12-02 07:22:13+00:00,195,1
tqchen,48,2,12658,128,2012-10-17T02:36:54Z,2026-05-23T22:08:32Z,,False,2026-05-23 22:08:32+00:00,22,0
jrohitofficial,100,0,12656,5,2021-05-20T08:05:09Z,2026-06-06T14:33:55Z,True,False,2026-06-06 14:33:55+00:00,9,0
Unity-Technologies,801,0,12634,0,2010-10-04T09:37:48Z,2026-04-30T12:09:18Z,,False,2026-04-30 12:09:18+00:00,46,0
bojone,108,0,12613,0,2014-10-12T03:02:59Z,2025-01-29T09:44:38Z,,False,2025-01-29 09:44:38+00:00,502,1
shanselman,254,50,12602,35,2008-03-12T04:51:33Z,2026-06-15T02:40:00Z,,True,2026-06-15 02:40:00+00:00,0,0
elidianaandrade,7,0,12594,122,2022-01-10T18:24:42Z,2026-06-05T16:21:53Z,True,False,2026-06-05 16:21:53+00:00,10,0
open-mmlab,54,0,12563,0,2014-12-19T16:17:27Z,2025-09-16T18:13:23Z,,False,2025-09-16 18:13:23+00:00,271,1
BurntSushi,182,6,12562,3,2010-10-27T16:54:30Z,2026-05-30T10:43:56Z,,False,2026-05-30 10:43:56+00:00,16,0
ghost,0,0,12518,0,2008-05-13T06:14:25Z,2018-04-10T17:22:33Z,,False,2018-04-10 17:22:33+00:00,2987,1
easychen,263,20,12414,32,2011-12-30T09:41:54Z,2025-12-24T03:38:00Z,,False,2025-12-24 03:38:00+00:00,173,0
campusx-official,229,3,12408,0,2019-07-27T04:50:51Z,2026-06-15T06:28:37Z,,False,2026-06-15 06:28:37+00:00,0,0
mnielsen,34,1,12300,32,2009-02-05T20:44:31Z,2026-01-15T21:38:02Z,,False,2026-01-15 21:38:02+00:00,150,0
bedimcode,174,0,12277,0,2020-02-19T18:57:52Z,2026-05-21T12:41:45Z,,False,2026-05-21 12:41:45+00:00,25,0
golang,61,0,12262,0,2013-05-01T18:00:52Z,2025-10-16T16:15:40Z,,False,2025-10-16 16:15:40+00:00,242,1
laruence,27,115,12244,17,2010-09-01T02:25:00Z,2026-05-24T11:30:15Z,,False,2026-05-24 11:30:15+00:00,22,0
ibireme,23,3,12227,62,2011-06-09T06:24:26Z,2026-06-05T11:31:48Z,,False,2026-06-05 11:31:48+00:00,10,0
robpike,21,1,12129,0,2013-05-02T18:16:36Z,2026-04-27T12:49:20Z,,False,2026-04-27 12:49:20+00:00,49,0
LukeSmithxyz,30,6,12072,0,2017-06-02T18:16:12Z,2026-04-30T01:39:20Z,True,False,2026-04-30 01:39:20+00:00,46,0
iconfont-cn,0,0,12037,0,2016-09-18T09:41:08Z,2020-01-09T08:05:55Z,,False,2020-01-09 08:05:55+00:00,2349,1
shradha-khapra,24,0,11984,1,2017-12-30T05:31:05Z,2026-03-28T13:39:46Z,,False,2026-03-28 13:39:46+00:00,79,0
mrdbourke,75,21,11980,61,2016-01-18T01:38:37Z,2026-05-30T04:57:56Z,,False,2026-05-30 04:57:56+00:00,16,0
uprockcom,19,0,11917,0,2022-04-08T14:46:29Z,2025-11-07T14:02:07Z,,False,2025-11-07 14:02:07+00:00,220,1
THUDM,127,0,11899,0,2019-03-15T11:48:46Z,2025-07-28T05:27:41Z,,False,2025-07-28 05:27:41+00:00,322,1
Elfocrash,53,2,11889,0,2014-07-18T09:32:23Z,2026-04-07T10:44:42Z,,False,2026-04-07 10:44:42+00:00,69,0
topjohnwu,49,1,11865,0,2014-04-18T13:20:50Z,2026-06-10T23:47:59Z,,False,2026-06-10 23:47:59+00:00,4,0
jart,230,66,11844,129,2009-01-26T04:30:36Z,2026-06-01T01:04:01Z,,False,2026-06-01 01:04:01+00:00,14,0
agentzh,68,92,11837,3,2009-02-20T11:46:31Z,2026-01-09T06:58:36Z,,False,2026-01-09 06:58:36+00:00,157,0
godotengine,71,0,11830,0,2014-01-04T16:03:17Z,2026-06-07T11:52:07Z,,False,2026-06-07 11:52:07+00:00,8,0
samyk,203,10,11819,1660,2010-09-22T17:38:55Z,2026-05-19T11:33:09Z,True,False,2026-05-19 11:33:09+00:00,27,0
lattner,0,4,11720,1,2015-10-16T05:06:43Z,2026-04-18T17:06:17Z,,False,2026-04-18 17:06:17+00:00,58,0
ashishpatel26,2116,60,11700,476,2012-12-21T06:05:47Z,2026-06-01T10:55:49Z,True,False,2026-06-01 10:55:49+00:00,14,0
lilianweng,19,0,11676,0,2011-07-07T18:03:59Z,2026-06-15T04:35:58Z,,False,2026-06-15 04:35:58+00:00,0,0
HKUDS,87,0,11673,0,2022-11-14T08:19:56Z,2026-05-18T07:49:46Z,,False,2026-05-18 07:49:46+00:00,28,0
jhaddix,77,15,11665,2,2013-02-06T05:05:12Z,2026-04-02T16:16:13Z,True,False,2026-04-02 16:16:13+00:00,74,0
bvaughn,169,65,11645,1,2008-10-18T01:05:50Z,2026-05-20T10:55:26Z,,False,2026-05-20 10:55:26+00:00,26,0
craftzdog,165,34,11628,62,2012-01-16T04:57:34Z,2026-06-06T09:27:49Z,True,False,2026-06-06 09:27:49+00:00,9,0
KalleHallden,59,0,11608,5,2018-01-18T11:10:11Z,2026-03-25T12:36:11Z,True,False,2026-03-25 12:36:11+00:00,82,0
ChristianLempa,19,0,11586,36,2017-05-03T17:49:47Z,2026-06-14T04:56:48Z,,False,2026-06-14 04:56:48+00:00,1,0
jakearchibald,254,94,11555,4,2009-06-09T14:32:50Z,2026-06-15T09:30:23Z,,False,2026-06-15 09:30:23+00:00,0,0
mqyqingfeng,37,0,11538,2,2015-03-13T11:08:31Z,2026-04-08T11:08:17Z,,False,2026-04-08 11:08:17+00:00,68,0
iampawan,260,11,11531,0,2015-05-27T01:44:47Z,2026-06-15T07:25:30Z,True,False,2026-06-15 07:25:30+00:00,0,0
zenorocha,147,52,11510,234,2010-09-14T13:36:42Z,2026-06-03T19:58:59Z,,False,2026-06-03 19:58:59+00:00,11,0
QianMo,37,0,11470,9,2014-06-08T12:25:21Z,2021-11-28T12:46:43Z,,False,2021-11-28 12:46:43+00:00,1660,1
lmstudio-ai,11,0,11457,0,2023-05-16T06:40:43Z,2026-04-04T13:03:32Z,,False,2026-04-04 13:03:32+00:00,72,0
EurekaLabsAI,0,0,11438,0,2024-07-08T17:43:40Z,2024-07-09T03:38:27Z,,False,2024-07-09 03:38:27+00:00,706,1
dsacademybr,4,0,11429,41,2016-04-26T22:32:41Z,2026-01-07T18:31:50Z,,False,2026-01-07 18:31:50+00:00,158,0
projectdiscovery,121,0,11416,0,2019-05-24T14:33:32Z,2026-05-18T20:28:47Z,,False,2026-05-18 20:28:47+00:00,27,0
OWASP,1380,0,11378,0,2009-11-20T06:56:22Z,2026-06-02T00:14:07Z,,False,2026-06-02 00:14:07+00:00,13,0
necolas,80,42,11376,30,2010-04-08T16:40:48Z,2026-06-12T18:09:39Z,,False,2026-06-12 18:09:39+00:00,2,0
garrytan,18,21,11362,11,2008-08-07T23:12:35Z,2026-06-15T16:21:18Z,,False,2026-06-15 16:21:18+00:00,0,0
muan,151,3,11361,70,2011-10-26T12:53:14Z,2026-06-05T20:53:11Z,,False,2026-06-05 20:53:11+00:00,9,0
replicate,169,0,11361,0,2020-01-28T22:43:57Z,2026-06-02T00:34:22Z,,False,2026-06-02 00:34:22+00:00,13,0
XiaomingX,55,0,11360,0,2013-09-05T03:35:57Z,2026-05-19T12:51:09Z,,False,2026-05-19 12:51:09+00:00,27,0
offensive-security,27,0,11358,3,2012-09-15T11:36:23Z,2025-07-17T14:45:58Z,,False,2025-07-17 14:45:58+00:00,333,1
TheOdinProject,21,0,11323,0,2013-05-15T22:05:47Z,2022-11-26T06:32:56Z,,False,2022-11-26 06:32:56+00:00,1297,1
fouber,172,9,11288,77,2010-12-25T15:03:59Z,2026-06-05T06:10:31Z,,False,2026-06-05 06:10:31+00:00,10,0
tw93,39,7,11231,8,2014-09-11T11:54:35Z,2026-05-30T10:26:54Z,,False,2026-05-30 10:26:54+00:00,16,0
shiftkey,191,110,11220,52,2010-08-10T00:33:01Z,2026-06-02T19:29:33Z,,True,2026-06-02 19:29:33+00:00,12,0
mcollina,645,64,11215,476,2009-02-05T22:24:19Z,2026-06-10T09:53:20Z,,False,2026-06-10 09:53:20+00:00,5,0
noob-hackers,19,1,11208,0,2019-04-13T05:53:37Z,2025-10-14T05:58:22Z,,False,2025-10-14 05:58:22+00:00,244,1
sungeer,21,0,11190,2961,2017-04-05T11:02:37Z,2026-05-03T08:27:15Z,,False,2026-05-03 08:27:15+00:00,43,0
abressiddique,286,2,11184,101416,2024-06-23T11:01:06Z,2026-06-08T22:53:58Z,,False,2026-06-08 22:53:58+00:00,6,0
PatrickAlphaC,312,75,11158,44,2019-08-19T14:13:41Z,2026-06-08T19:17:31Z,,False,2026-06-08 19:17:31+00:00,6,0
amueller,201,56,11150,44,2010-10-22T10:17:35Z,2026-04-19T15:55:13Z,,False,2026-04-19 15:55:13+00:00,57,0
f,294,88,11137,162,2010-02-04T09:04:51Z,2026-06-08T22:33:05Z,,False,2026-06-08 22:33:05+00:00,6,0
rsc,158,18,11090,1,2009-07-12T01:32:28Z,2026-06-04T03:55:51Z,,False,2026-06-04 03:55:51+00:00,11,0
helallao,2,0,11085,17896,2021-02-06T16:44:42Z,2025-10-06T10:15:49Z,True,False,2025-10-06 10:15:49+00:00,252,1
awslabs,1009,0,11083,0,2013-01-17T19:11:21Z,2025-11-14T22:36:15Z,,False,2025-11-14 22:36:15+00:00,212,1
meta-llama,12,0,11019,0,2023-12-09T15:49:39Z,2026-05-07T21:25:01Z,,False,2026-05-07 21:25:01+00:00,38,0
munificent,51,56,11012,144,2009-01-13T15:37:46Z,2026-06-11T11:26:55Z,,False,2026-06-11 11:26:55+00:00,4,0
ErickWendel,331,84,10976,98,2014-07-03T15:50:36Z,2026-04-30T23:22:31Z,True,False,2026-04-30 23:22:31+00:00,45,0
chriscoyier,58,155,10962,293,2009-03-31T23:54:58Z,2026-06-12T15:21:23Z,True,False,2026-06-12 15:21:23+00:00,3,0
AllenDowney,160,27,10954,1,2012-06-22T18:10:52Z,2026-06-15T14:46:27Z,True,False,2026-06-15 14:46:27+00:00,0,0
Snailclimb,14,0,10932,123,2017-07-04T03:55:47Z,2026-06-03T00:50:18Z,,False,2026-06-03 00:50:18+00:00,12,0
frontend-joe,100,0,10907,2,2020-01-06T22:30:49Z,2026-01-02T13:36:54Z,,False,2026-01-02 13:36:54+00:00,164,0
eugenp,3,93,10896,2,2011-09-02T20:42:55Z,2026-05-29T19:12:48Z,True,False,2026-05-29 19:12:48+00:00,16,0
NeuralNine,19,0,10887,4,2019-04-11T21:56:47Z,2026-06-09T08:15:58Z,,False,2026-06-09 08:15:58+00:00,6,0
chenshuo,58,42,10861,8,2010-03-26T16:55:20Z,2026-06-12T20:57:37Z,,False,2026-06-12 20:57:37+00:00,2,0
ultralytics,53,0,10851,0,2017-04-01T07:59:53Z,2026-06-02T00:10:08Z,,False,2026-06-02 00:10:08+00:00,13,0
nishant-Tiwari24,77,0,10824,28,2023-02-06T18:51:06Z,2026-06-14T15:57:58Z,,False,2026-06-14 15:57:58+00:00,1,0
laravel,132,0,10815,0,2011-08-04T03:44:54Z,2026-06-02T15:48:04Z,,False,2026-06-02 15:48:04+00:00,13,0
engindemirog,75,0,10804,0,2014-12-16T09:43:29Z,2026-05-13T07:28:20Z,,False,2026-05-13 07:28:20+00:00,33,0
Pierian-Data,31,22,10785,0,2015-12-10T09:02:01Z,2025-06-23T16:24:53Z,,False,2025-06-23 16:24:53+00:00,357,1
seehiong,29,0,10781,10445,2014-03-16T11:47:31Z,2026-03-22T13:51:02Z,,False,2026-03-22 13:51:02+00:00,85,0
jvns,204,79,10779,72,2011-05-30T00:28:30Z,2026-06-06T19:28:47Z,,False,2026-06-06 19:28:47+00:00,8,0
miloyip,29,11,10766,32,2011-11-15T06:34:33Z,2026-02-11T07:07:01Z,,False,2026-02-11 07:07:01+00:00,124,0
nzakas,77,56,10764,0,2008-12-05T17:18:56Z,2026-04-08T12:30:38Z,,False,2026-04-08 12:30:38+00:00,68,0
TanStack,26,0,10764,0,2020-10-07T17:25:54Z,2025-12-06T05:54:40Z,,False,2025-12-06 05:54:40+00:00,191,1
iamapuneet,28,0,10748,21449,2022-06-29T04:32:50Z,2026-06-07T12:46:51Z,True,False,2026-06-07 12:46:51+00:00,8,0
aneagoie,148,4,10733,1,2015-01-30T17:05:43Z,2026-06-08T11:30:00Z,True,False,2026-06-08 11:30:00+00:00,7,0
intel-sandbox,0,0,10731,0,2020-03-12T22:14:20Z,2023-08-01T20:55:28Z,,False,2023-08-01 20:55:28+00:00,1048,1
romannurik,72,27,10682,24,2009-06-30T00:39:12Z,2026-06-11T14:41:40Z,,False,2026-06-11 14:41:40+00:00,4,0
bchiang7,64,27,10667,12,2014-02-05T23:22:59Z,2026-05-27T11:45:49Z,True,False,2026-05-27 11:45:49+00:00,19,0
skills,50,0,10649,0,2022-04-15T19:04:31Z,2026-03-30T19:31:58Z,,False,2026-03-30 19:31:58+00:00,76,0
shahradelahi,128,3,10635,0,2016-03-19T12:53:40Z,2026-06-13T11:42:53Z,,False,2026-06-13 11:42:53+00:00,2,0
nextcloud,367,0,10614,0,2016-05-05T17:12:23Z,2024-07-22T13:54:03Z,,False,2024-07-22 13:54:03+00:00,693,1
NVlabs,483,0,10611,0,2012-11-01T00:32:54Z,2025-12-15T20:16:53Z,,False,2025-12-15 20:16:53+00:00,181,1
alex,494,81,10610,38,2008-02-24T20:44:41Z,2026-06-14T03:06:10Z,,False,2026-06-14 03:06:10+00:00,1,0
simplesteph,71,12,10606,9,2016-08-05T03:22:42Z,2026-06-10T12:29:43Z,,False,2026-06-10 12:29:43+00:00,5,0
EbookFoundation,37,0,10581,0,2015-09-04T14:12:36Z,2024-09-27T02:35:44Z,,False,2024-09-27 02:35:44+00:00,626,1
mozilla,2553,0,10562,0,2009-09-26T08:22:18Z,2026-04-06T02:38:43Z,,False,2026-04-06 02:38:43+00:00,70,0
meliksahyorulmazlar,16,0,10550,16,2023-08-09T10:22:29Z,2026-06-01T18:11:50Z,,False,2026-06-01 18:11:50+00:00,13,0
swisskyrepo,14,2,10545,13,2015-04-28T11:41:52Z,2026-06-09T08:21:50Z,,False,2026-06-09 08:21:50+00:00,6,0
hashicorp,937,0,10530,0,2011-05-01T04:13:12Z,2026-02-01T00:09:30Z,,False,2026-02-01 00:09:30+00:00,134,0
samarjitsahoo,0,1,10496,1,2023-09-17T04:51:22Z,2026-06-05T18:27:25Z,True,False,2026-06-05 18:27:25+00:00,9,0
sofish,46,96,10489,19,2009-11-14T10:24:24Z,2026-05-14T13:11:11Z,True,False,2026-05-14 13:11:11+00:00,32,0
zen-browser,17,0,10464,0,2024-03-28T00:04:32Z,2026-02-27T11:09:23Z,,False,2026-02-27 11:09:23+00:00,108,0
mgechev,395,118,10460,0,2010-10-26T17:39:16Z,2026-06-12T02:44:15Z,True,False,2026-06-12 02:44:15+00:00,3,0
sophiebits,178,28,10456,0,2008-04-11T22:42:39Z,2026-06-10T06:09:10Z,,False,2026-06-10 06:09:10+00:00,5,0
matz,12,6,10450,0,2008-10-23T23:14:57Z,2026-06-01T21:58:15Z,,False,2026-06-01 21:58:15+00:00,13,0
supabase,154,0,10433,0,2019-08-24T09:21:56Z,2026-05-18T06:52:36Z,,False,2026-05-18 06:52:36+00:00,28,0
folke,131,14,10414,80,2010-05-31T14:14:10Z,2026-06-11T12:21:07Z,,False,2026-06-11 12:21:07+00:00,4,0
discord,326,0,10379,0,2012-07-12T19:03:26Z,2026-05-28T14:52:50Z,,False,2026-05-28 14:52:50+00:00,18,0
andrewrk,227,260,10336,189,2009-07-19T09:21:03Z,2026-05-19T05:30:09Z,,False,2026-05-19 05:30:09+00:00,27,0
jaredpalmer,197,116,10328,500,2013-04-04T15:02:07Z,2026-06-12T20:54:45Z,,False,2026-06-12 20:54:45+00:00,2,0
benbalter,254,60,10325,150,2010-05-20T20:38:33Z,2026-05-27T02:42:09Z,,False,2026-05-27 02:42:09+00:00,19,0
actions,84,0,10320,0,2018-10-10T18:27:17Z,2025-01-16T18:28:50Z,,False,2025-01-16 18:28:50+00:00,514,1
iptv-org,8,0,10314,0,2019-09-29T04:01:13Z,2026-06-01T03:18:02Z,,False,2026-06-01 03:18:02+00:00,14,0
romainguy,21,4,10311,1,2011-06-23T06:39:07Z,2026-03-24T16:41:12Z,,False,2026-03-24 16:41:12+00:00,83,0
wycats,331,767,10307,13,2008-01-12T05:38:33Z,2026-06-12T15:49:52Z,,False,2026-06-12 15:49:52+00:00,3,0
bitwarden,67,0,10292,0,2015-11-23T23:43:05Z,2026-06-10T22:13:11Z,,False,2026-06-10 22:13:11+00:00,4,0
Sentdex,53,8,10285,1,2013-11-11T01:38:25Z,2026-02-10T02:33:29Z,True,False,2026-02-10 02:33:29+00:00,125,0
wizardforcel,392,13,10279,671,2013-07-24T09:40:02Z,2026-04-30T07:49:18Z,True,False,2026-04-30 07:49:18+00:00,46,0
djvelimir,33,0,10253,90298,2016-08-03T19:52:29Z,2026-06-14T19:35:45Z,True,False,2026-06-14 19:35:45+00:00,0,0
Connor9994,23,0,10245,584137,2018-05-25T23:27:01Z,2026-06-12T17:58:51Z,True,False,2026-06-12 17:58:51+00:00,2,0
seckinyasar,3,0,10243,24040,2021-06-27T18:16:21Z,2026-04-02T17:52:47Z,,False,2026-04-02 17:52:47+00:00,73,0
typicode,77,0,10198,0,2013-09-20T13:43:02Z,2026-03-26T07:21:43Z,True,False,2026-03-26 07:21:43+00:00,81,0
signalapp,126,0,10160,0,2011-03-31T21:19:39Z,2026-04-15T20:39:30Z,,False,2026-04-15 20:39:30+00:00,60,0
0vm,11,0,10150,2,2021-03-02T06:55:10Z,2026-06-12T07:47:42Z,True,False,2026-06-12 07:47:42+00:00,3,0
code50,0,0,10133,0,2021-08-23T01:58:27Z,2026-03-27T17:28:42Z,,False,2026-03-27 17:28:42+00:00,79,0
base-org,1,0,10093,0,2022-07-01T21:40:51Z,2025-02-13T00:35:05Z,,False,2025-02-13 00:35:05+00:00,487,1
ai,100,19,10048,149,2008-08-02T16:34:20Z,2026-04-03T19:10:48Z,,False,2026-04-03 19:10:48+00:00,72,0
abhishekkrthakur,88,16,10015,74,2011-11-09T13:38:51Z,2026-05-15T07:38:43Z,True,False,2026-05-15 07:38:43+00:00,31,0
pjreddie,47,0,10007,0,2010-06-10T18:18:15Z,2026-06-12T02:26:13Z,,False,2026-06-12 02:26:13+00:00,3,0
joshlong,85,104,10005,81,2009-02-14T08:54:04Z,2026-06-15T11:51:19Z,,False,2026-06-15 11:51:19+00:00,0,0
listen1,9,0,9993,2,2016-04-21T15:53:54Z,2025-06-17T05:09:57Z,,False,2025-06-17 05:09:57+00:00,363,1
s0md3v,54,18,9984,0,2017-03-27T14:28:19Z,2026-05-16T11:54:42Z,True,False,2026-05-16 11:54:42+00:00,30,0
PKUFlyingPig,79,0,9982,33,2020-02-04T14:49:18Z,2026-06-09T04:36:33Z,,False,2026-06-09 04:36:33+00:00,6,0
catppuccin,361,0,9971,0,2021-10-31T18:38:55Z,2024-04-25T17:51:25Z,,False,2024-04-25 17:51:25+00:00,780,1
AsahiLinux,40,0,9968,0,2020-12-17T09:47:35Z,2026-05-16T13:01:56Z,,False,2026-05-16 13:01:56+00:00,30,0
LondheShubham153,192,3,9947,46,2016-11-20T03:51:46Z,2026-06-13T05:45:44Z,True,False,2026-06-13 05:45:44+00:00,2,0
Netflix,234,0,9940,0,2011-07-13T20:20:01Z,2026-04-16T17:57:14Z,,False,2026-04-16 17:57:14+00:00,59,0
arthurspk,161,0,9912,23,2020-08-28T14:06:01Z,2026-06-03T00:07:41Z,,False,2026-06-03 00:07:41+00:00,12,0
hmaverickadams,20,0,9903,0,2018-03-26T16:05:44Z,2026-06-01T16:15:02Z,,False,2026-06-01 16:15:02+00:00,14,0
bubbliiiing,134,0,9895,6,2019-02-05T07:54:32Z,2026-06-09T06:31:19Z,,False,2026-06-09 06:31:19+00:00,6,0
ryanflorence,297,799,9886,0,2009-06-30T03:46:58Z,2026-05-20T16:15:42Z,,False,2026-05-20 16:15:42+00:00,26,0
hwchase17,67,20,9881,0,2015-04-17T01:08:40Z,2026-06-08T19:49:35Z,,False,2026-06-08 19:49:35+00:00,6,0
tc39,329,0,9872,0,2012-05-10T07:17:29Z,2026-06-03T11:42:43Z,,False,2026-06-03 11:42:43+00:00,12,0
colah,52,1,9859,7,2009-03-09T17:07:33Z,2026-04-21T21:21:20Z,,False,2026-04-21 21:21:20+00:00,54,0
CoderMJLee,15,0,9852,0,2013-03-09T14:00:41Z,2026-06-01T02:03:14Z,True,False,2026-06-01 02:03:14+00:00,14,0
astral-sh,72,0,9850,0,2022-10-17T02:12:50Z,2026-06-15T01:57:00Z,,False,2026-06-15 01:57:00+00:00,0,0
yihui,101,55,9846,47,2009-12-07T05:42:04Z,2026-06-15T16:39:07Z,True,False,2026-06-15 16:39:07+00:00,0,0
dennybritz,62,5,9818,6,2010-09-16T18:32:26Z,2026-03-29T12:55:32Z,,False,2026-03-29 12:55:32+00:00,78,0
alyssaxuu,17,0,9813,1,2014-05-14T13:12:46Z,2026-03-10T11:31:53Z,True,False,2026-03-10 11:31:53+00:00,97,0
pmndrs,91,0,9803,0,2018-12-11T12:49:48Z,2026-06-14T12:59:58Z,,False,2026-06-14 12:59:58+00:00,1,0
Jack-Cherish,18,0,9789,29,2016-01-25T03:38:06Z,2026-02-21T02:01:08Z,,False,2026-02-21 02:01:08+00:00,114,0
norvig,4,1,9770,15,2013-05-07T23:26:09Z,2026-05-16T18:05:49Z,,False,2026-05-16 18:05:49+00:00,29,0
ardalis,307,23,9769,27,2011-05-11T18:21:29Z,2026-06-15T15:34:41Z,True,False,2026-06-15 15:34:41+00:00,0,0
xai-org,7,0,9768,0,2023-04-09T20:11:18Z,2026-04-01T19:09:00Z,,False,2026-04-01 19:09:00+00:00,74,0
scroll-tech,152,0,9763,0,2021-07-21T07:01:03Z,2026-03-18T07:00:05Z,,False,2026-03-18 07:00:05+00:00,89,0
milla-jovovich,2,1,9722,2,2025-09-14T18:11:21Z,2026-05-09T13:53:16Z,,False,2026-05-09 13:53:16+00:00,37,0
OfficialCodeVoyage,52,0,9721,953714,2020-10-08T18:59:10Z,2026-02-27T23:00:49Z,,False,2026-02-27 23:00:49+00:00,107,0
mohammadhasanii,48,0,9717,71139,2021-01-14T16:37:51Z,2026-06-09T09:46:19Z,True,False,2026-06-09 09:46:19+00:00,6,0
toddmotto,76,42,9710,2,2012-04-18T15:22:44Z,2026-06-02T13:32:16Z,,False,2026-06-02 13:32:16+00:00,13,0
twostraws,84,9,9693,0,2010-01-26T15:27:51Z,2026-06-04T11:45:49Z,,False,2026-06-04 11:45:49+00:00,11,0
ustbhuangyi,75,0,9664,56,2013-09-01T16:07:36Z,2026-03-10T10:04:15Z,,False,2026-03-10 10:04:15+00:00,97,0
ElzeroWebSchool,23,1,9656,0,2012-09-30T11:12:53Z,2026-05-02T22:29:48Z,,False,2026-05-02 22:29:48+00:00,43,0
wasabeef,62,11,9655,60,2012-06-09T13:46:37Z,2026-06-11T04:46:02Z,True,False,2026-06-11 04:46:02+00:00,4,0
tenderlove,388,744,9622,27,2008-03-14T20:04:17Z,2026-06-15T16:02:05Z,,False,2026-06-15 16:02:05+00:00,0,0
chenglou,177,42,9611,9,2012-06-30T19:30:44Z,2026-06-04T21:47:29Z,,False,2026-06-04 21:47:29+00:00,10,0
desktop,18,0,9607,0,2015-07-03T22:38:37Z,2025-07-31T15:57:27Z,,False,2025-07-31 15:57:27+00:00,319,1
cursoemvideo,5,0,9568,0,2014-09-07T03:58:13Z,2020-03-09T00:03:03Z,,False,2020-03-09 00:03:03+00:00,2289,1
lucasmontano,41,4,9568,119,2014-05-12T15:08:46Z,2026-05-01T14:07:18Z,,False,2026-05-01 14:07:18+00:00,45,0
django,30,0,9566,0,2008-10-06T19:43:18Z,2026-05-18T11:31:50Z,,False,2026-05-18 11:31:50+00:00,28,0
jordwalke,125,18,9547,44,2011-08-13T04:37:07Z,2026-04-28T06:15:38Z,,False,2026-04-28 06:15:38+00:00,48,0
jcjohnson,35,24,9506,8,2012-11-04T05:26:04Z,2026-02-05T05:50:07Z,,False,2026-02-05 05:50:07+00:00,130,0
dair-ai,69,0,9501,0,2017-07-23T08:57:58Z,2025-11-26T22:37:25Z,,False,2025-11-26 22:37:25+00:00,200,1
algorithmzuo,16,0,9494,0,2020-04-28T10:00:45Z,2026-06-07T02:10:53Z,,False,2026-06-07 02:10:53+00:00,8,0
sokra,130,7,9494,8,2012-01-22T02:18:14Z,2026-06-12T06:40:09Z,,False,2026-06-12 06:40:09+00:00,3,0
haileys,386,176,9463,104,2010-01-09T14:49:23Z,2026-06-11T10:47:48Z,,False,2026-06-11 10:47:48+00:00,4,0
dtolnay,121,3,9428,50,2012-07-09T03:55:40Z,2026-05-26T11:06:51Z,True,False,2026-05-26 11:06:51+00:00,20,0
sebmarkbage,76,67,9421,37,2009-03-15T15:25:49Z,2026-03-28T13:29:05Z,,False,2026-03-28 13:29:05+00:00,79,0
dataprofessor,288,27,9417,2,2019-06-15T10:07:22Z,2026-06-11T23:50:03Z,,False,2026-06-11 23:50:03+00:00,3,0
vinta,29,2,9407,122,2011-03-05T03:52:00Z,2026-06-11T15:49:30Z,True,False,2026-06-11 15:49:30+00:00,4,0
macrozheng,20,0,9401,1,2015-11-18T07:42:06Z,2026-05-12T08:00:48Z,,False,2026-05-12 08:00:48+00:00,34,0
ruvnet,179,401,9397,46,2012-11-30T22:08:25Z,2026-06-09T15:26:47Z,,False,2026-06-09 15:26:47+00:00,6,0
bosch-copilot,0,0,9388,0,2023-06-23T12:03:28Z,2026-05-28T09:06:57Z,,False,2026-05-28 09:06:57+00:00,18,0
ollama,3,0,9388,0,2023-11-21T18:52:26Z,2026-03-25T19:14:47Z,,False,2026-03-25 19:14:47+00:00,81,0
unicity-astrid,32,0,9387,0,2026-02-15T11:05:31Z,2026-03-16T11:37:41Z,,False,2026-03-16 11:37:41+00:00,91,0
tailwindlabs,27,0,9337,0,2020-06-18T14:01:57Z,2026-04-20T13:36:36Z,,False,2026-04-20 13:36:36+00:00,56,0
otaviossousa,52,1,9291,15824,2023-04-14T18:14:31Z,2026-05-30T01:09:36Z,,False,2026-05-30 01:09:36+00:00,16,0
UberGuidoZ,128,3,9291,14,2019-11-06T18:22:33Z,2026-05-27T01:12:34Z,,False,2026-05-27 01:12:34+00:00,19,0
carpedm20,210,14,9283,2311,2013-01-23T02:36:33Z,2026-06-01T06:18:39Z,,False,2026-06-01 06:18:39+00:00,14,0
evilsocket,196,38,9279,1,2009-05-20T23:39:53Z,2026-03-22T19:52:18Z,True,False,2026-03-22 19:52:18+00:00,84,0
wintercn,53,38,9272,30,2011-04-13T08:25:30Z,2026-04-29T16:04:59Z,True,False,2026-04-29 16:04:59+00:00,47,0
felangel,151,293,9248,75,2014-09-22T02:35:58Z,2026-03-29T15:35:09Z,,False,2026-03-29 15:35:09+00:00,78,0
K1rsN7,22,2,9242,9862,2023-01-24T07:44:21Z,2026-06-14T13:56:26Z,,False,2026-06-14 13:56:26+00:00,1,0
youngyangyang04,72,0,9240,34,2014-09-03T01:38:27Z,2025-10-13T07:45:08Z,,False,2025-10-13 07:45:08+00:00,245,1
FiloSottile,127,68,9237,59,2011-11-28T13:06:49Z,2026-06-14T13:38:28Z,,False,2026-06-14 13:38:28+00:00,1,0
humayrakhanomrime,58,0,9223,9377,2020-08-07T12:23:16Z,2026-04-25T06:23:48Z,True,False,2026-04-25 06:23:48+00:00,51,0
jaywcjlove,218,6,9208,140,2012-04-26T00:30:25Z,2026-06-15T07:47:53Z,True,False,2026-06-15 07:47:53+00:00,0,0
nunomaduro,317,23,9197,5,2013-09-14T08:11:58Z,2026-06-15T08:51:27Z,,False,2026-06-15 08:51:27+00:00,0,0
i5ting,918,12,9170,1129,2012-12-24T23:28:15Z,2026-06-13T11:35:21Z,True,False,2026-06-13 11:35:21+00:00,2,0
yonggekkk,20,1,9153,6,2022-12-29T08:18:00Z,2026-05-07T08:25:16Z,,False,2026-05-07 08:25:16+00:00,39,0
sudheerj,71,0,9140,0,2012-12-26T13:50:38Z,2026-05-28T11:38:29Z,True,False,2026-05-28 11:38:29+00:00,18,0
OneLoneCoder,13,0,9139,4,2017-01-29T17:54:30Z,2026-05-31T09:03:03Z,,False,2026-05-31 09:03:03+00:00,15,0
nasa,619,0,9122,0,2011-06-13T22:19:22Z,2026-05-28T16:28:35Z,,False,2026-05-28 16:28:35+00:00,18,0
AntonioErdeljac,116,87,9100,19,2016-11-03T23:16:21Z,2026-06-01T19:30:39Z,True,False,2026-06-01 19:30:39+00:00,13,0
bcherny,270,177,9094,1669,2012-05-22T00:12:18Z,2026-06-13T01:37:18Z,,False,2026-06-13 01:37:18+00:00,2,0
dyc87112,70,0,9094,44,2013-01-26T15:49:12Z,2026-05-28T17:24:51Z,,False,2026-05-28 17:24:51+00:00,17,0
luizomf,135,168,9087,1,2011-01-09T04:32:43Z,2026-05-11T14:22:31Z,True,False,2026-05-11 14:22:31+00:00,35,0
vjanz,19,22,9082,11,2017-02-17T10:39:42Z,2026-01-26T10:24:47Z,True,False,2026-01-26 10:24:47+00:00,140,0
rwieruch,156,8,9078,29,2012-10-03T15:11:48Z,2026-05-27T07:16:15Z,True,False,2026-05-27 07:16:15+00:00,19,0
DIMFLIX,20,0,9070,9587,2022-08-26T09:16:48Z,2026-06-10T15:53:38Z,,False,2026-06-10 15:53:38+00:00,5,0
digitalinnovationone,289,0,9054,0,2017-03-06T19:17:04Z,2025-04-23T16:00:23Z,,False,2025-04-23 16:00:23+00:00,418,1
dbunt1tled,53,30,9052,29052,2015-12-18T20:38:35Z,2026-04-28T18:57:57Z,True,False,2026-04-28 18:57:57+00:00,47,0
zarazhangrui,15,0,9027,0,2023-12-13T01:15:16Z,2026-06-02T00:11:09Z,,False,2026-06-02 00:11:09+00:00,13,0
igrigorik,81,155,9017,152,2008-05-18T05:00:12Z,2026-06-12T05:50:04Z,,False,2026-06-12 05:50:04+00:00,3,0
MicrosoftLearning,367,0,8980,0,2015-01-09T17:58:53Z,2026-04-13T07:29:06Z,,False,2026-04-13 07:29:06+00:00,63,0
audreyt,376,90,8952,0,2008-08-14T21:19:26Z,2026-06-15T05:44:11Z,,False,2026-06-15 05:44:11+00:00,0,0
teteusAraujo,18,0,8913,0,2020-01-18T21:36:15Z,2024-09-29T00:09:56Z,,False,2024-09-29 00:09:56+00:00,624,1
MicrosoftDocs,810,0,8907,0,2016-09-27T16:57:42Z,2025-09-23T13:06:59Z,,False,2025-09-23 13:06:59+00:00,265,1
jamiebuilds,679,155,8892,18,2011-08-01T22:33:05Z,2026-02-04T23:13:38Z,,False,2026-02-04 23:13:38+00:00,130,0
fatih,65,44,8890,106,2010-10-14T05:48:53Z,2026-05-18T05:37:44Z,,False,2026-05-18 05:37:44+00:00,28,0
GoesToEleven,53,19,8871,25,2014-07-29T04:45:05Z,2026-05-15T21:36:16Z,,False,2026-05-15 21:36:16+00:00,30,0
seniorvuejsdeveloper,8,0,8864,150609,2023-10-09T22:42:59Z,2025-03-07T06:26:37Z,,False,2025-03-07 06:26:37+00:00,465,1
MisterBooo,91,0,8861,11,2015-10-25T10:55:50Z,2026-06-10T07:52:48Z,,False,2026-06-10 07:52:48+00:00,5,0
jamesmontemagno,453,157,8843,29,2012-04-24T22:17:27Z,2026-06-12T16:13:43Z,,True,2026-06-12 16:13:43+00:00,3,0
ahmetb,233,31,8835,43,2009-11-28T14:59:59Z,2026-06-12T11:28:05Z,True,False,2026-06-12 11:28:05+00:00,3,0
bluesky-social,49,0,8831,0,2021-11-18T21:55:14Z,2026-03-10T20:40:11Z,,False,2026-03-10 20:40:11+00:00,96,0
machadop1407,169,0,8825,11,2020-04-06T20:08:15Z,2026-05-27T02:08:34Z,,False,2026-05-27 02:08:34+00:00,19,0
Colt,147,38,8821,4,2013-09-20T00:52:24Z,2026-03-10T18:53:24Z,,False,2026-03-10 18:53:24+00:00,96,0
lepture,188,59,8812,82,2010-05-29T07:05:44Z,2026-06-12T03:24:55Z,True,False,2026-06-12 03:24:55+00:00,3,0
ityouknow,28,5,8801,4,2013-07-10T07:23:28Z,2026-04-01T07:38:34Z,,False,2026-04-01 07:38:34+00:00,75,0
brendangregg,42,51,8790,0,2011-10-04T08:48:56Z,2026-05-01T03:53:43Z,,False,2026-05-01 03:53:43+00:00,45,0
rustdesk,10,0,8788,0,2020-09-21T09:13:05Z,2026-03-05T09:51:10Z,,False,2026-03-05 09:51:10+00:00,102,0
lexfridman,2,0,8781,0,2010-12-26T02:32:21Z,2026-06-12T22:28:43Z,,False,2026-06-12 22:28:43+00:00,2,0
fat,58,23,8778,66,2009-12-19T06:03:01Z,2026-05-25T01:42:14Z,,False,2026-05-25 01:42:14+00:00,21,0
CleverProgrammer,196,28,8775,21,2014-08-16T00:22:27Z,2026-06-11T09:25:01Z,True,False,2026-06-11 09:25:01+00:00,4,0
kamilmysliwiec,44,0,8758,1,2016-11-03T18:46:00Z,2026-06-01T12:26:35Z,,False,2026-06-01 12:26:35+00:00,14,0
nahamsec,23,8,8731,0,2014-11-19T23:46:54Z,2026-06-03T04:24:30Z,,False,2026-06-03 04:24:30+00:00,12,0
eddiejaoude,98,24,8672,32,2011-02-18T06:56:22Z,2026-06-15T13:28:56Z,True,False,2026-06-15 13:28:56+00:00,0,0
maxschwarzmueller,9,0,8672,0,2017-05-19T11:39:03Z,2026-06-10T09:50:08Z,,False,2026-06-10 09:50:08+00:00,5,0
bitcoin,4,0,8660,0,2010-12-18T21:50:48Z,2026-05-21T13:09:02Z,,False,2026-05-21 13:09:02+00:00,25,0
angular,214,0,8654,0,2009-10-13T22:16:19Z,2025-06-28T19:58:19Z,,False,2025-06-28 19:58:19+00:00,351,1
justmarkham,40,4,8636,2,2014-01-26T22:29:01Z,2026-04-23T19:32:15Z,,False,2026-04-23 19:32:15+00:00,52,0
Fernanda-Kipper,82,3,8623,45,2020-03-07T03:50:39Z,2026-04-29T20:15:17Z,,False,2026-04-29 20:15:17+00:00,46,0
motanelson,444,0,8600,216723,2022-11-16T02:06:47Z,2026-06-13T19:16:58Z,,False,2026-06-13 19:16:58+00:00,1,0
Azure-Samples,3295,0,8600,0,2012-06-13T00:15:40Z,2026-01-15T16:44:34Z,,False,2026-01-15 16:44:34+00:00,151,0
Fndroid,65,18,8599,34,2015-12-01T00:53:44Z,2026-04-03T15:55:07Z,True,False,2026-04-03 15:55:07+00:00,73,0
996icu,1,0,8599,0,2019-03-26T07:27:32Z,2025-11-14T13:28:13Z,,False,2025-11-14 13:28:13+00:00,213,1
mistralai,24,0,8597,0,2023-05-02T14:22:16Z,2026-06-01T23:03:07Z,,False,2026-06-01 23:03:07+00:00,13,0
junegunn,156,39,8581,0,2011-03-31T05:09:54Z,2026-05-23T13:00:58Z,,False,2026-05-23 13:00:58+00:00,23,0
ChenYilong,33,1,8565,35,2012-11-28T12:59:20Z,2026-06-11T00:25:19Z,,False,2026-06-11 00:25:19+00:00,4,0
amitshekhariitbhu,59,40,8556,2,2014-11-21T03:40:51Z,2026-03-11T00:57:08Z,,False,2026-03-11 00:57:08+00:00,96,0
DevonCrawford,10,0,8552,0,2017-01-24T23:06:20Z,2023-11-15T23:10:06Z,True,False,2023-11-15 23:10:06+00:00,942,1
Shubhamsaboo,178,5,8547,3,2017-08-28T02:05:25Z,2026-06-02T00:52:52Z,True,False,2026-06-02 00:52:52+00:00,13,0
fireship-io,116,0,8535,0,2018-12-31T15:45:39Z,2026-06-12T13:31:31Z,,False,2026-06-12 13:31:31+00:00,3,0
Jarred-Sumner,273,282,8530,27,2011-04-04T21:48:06Z,2026-06-09T13:19:40Z,,False,2026-06-09 13:19:40+00:00,6,0
AbdeenM,8,6,8519,820,2016-12-10T15:07:32Z,2026-05-01T10:32:27Z,True,False,2026-05-01 10:32:27+00:00,45,0
clementmihailescu,11,0,8510,2,2016-08-03T22:25:11Z,2026-06-08T03:35:37Z,,False,2026-06-08 03:35:37+00:00,7,0
wcandillon,147,57,8478,22,2010-06-15T19:36:13Z,2026-06-10T16:54:27Z,True,False,2026-06-10 16:54:27+00:00,5,0
chokcoco,68,1,8422,151,2014-08-26T08:00:59Z,2026-06-12T01:51:13Z,,False,2026-06-12 01:51:13+00:00,3,0
koush,376,314,8408,6,2009-04-15T04:08:21Z,2026-06-11T17:33:25Z,,False,2026-06-11 17:33:25+00:00,3,0
tiann,145,9,8405,31,2013-04-23T10:06:20Z,2026-06-10T15:14:45Z,,False,2026-06-10 15:14:45+00:00,5,0
pjhyett,8,21,8401,30,2008-01-07T17:54:22Z,2026-04-07T17:46:52Z,,False,2026-04-07 17:46:52+00:00,68,0
vxunderground,5,0,8363,0,2019-10-28T00:04:47Z,2025-12-06T18:16:18Z,,False,2025-12-06 18:16:18+00:00,190,1
jfullstackdev,32,15,8360,7472,2019-01-28T00:01:51Z,2026-05-29T01:51:42Z,True,False,2026-05-29 01:51:42+00:00,17,0
fengmk2,407,85,8360,566,2009-11-21T08:07:35Z,2026-06-01T04:28:55Z,,False,2026-06-01 04:28:55+00:00,14,0
skyzh,126,57,8339,790,2013-04-19T05:40:46Z,2026-05-18T17:50:01Z,,False,2026-05-18 17:50:01+00:00,27,0
NationalSecurityAgency,86,0,8329,0,2015-03-03T16:44:47Z,2026-04-20T21:53:07Z,,False,2026-04-20 21:53:07+00:00,55,0
gambling-addict,3,0,8314,85627,2024-08-22T11:54:27Z,2026-06-14T13:22:19Z,,False,2026-06-14 13:22:19+00:00,1,0
odoo,43,0,8303,0,2014-01-10T11:48:12Z,2024-01-26T10:48:39Z,,False,2024-01-26 10:48:39+00:00,871,1
liaohuqiu,125,8,8300,227,2013-04-08T02:52:01Z,2026-03-09T07:28:23Z,True,False,2026-03-09 07:28:23+00:00,98,0
cusspvz,173,5,8295,127837,2013-02-15T16:31:20Z,2026-06-12T15:42:21Z,True,False,2026-06-12 15:42:21+00:00,3,0
mschwarzmueller,60,1,8289,0,2015-12-01T06:11:29Z,2026-06-12T10:34:13Z,,False,2026-06-12 10:34:13+00:00,3,0
alineai18,4,0,8281,10741,2021-10-26T00:27:19Z,2024-08-20T19:45:41Z,,False,2024-08-20 19:45:41+00:00,663,1
drkostas,62,12,8263,188,2016-09-17T16:03:22Z,2026-06-10T07:21:12Z,True,False,2026-06-10 07:21:12+00:00,5,0
IBM,3905,0,8255,0,2012-02-21T22:13:01Z,2026-05-19T11:36:14Z,,False,2026-05-19 11:36:14+00:00,27,0
GrapheneOS,157,0,8255,0,2019-03-23T01:56:38Z,2024-01-18T00:06:44Z,,False,2024-01-18 00:06:44+00:00,879,1
Shopify,1193,10,8246,0,2008-04-21T18:02:10Z,2026-05-06T12:09:49Z,,False,2026-05-06 12:09:49+00:00,40,0
daneden,106,171,8245,90,2010-10-14T13:35:34Z,2026-06-14T12:13:59Z,,False,2026-06-14 12:13:59+00:00,1,0
stefanprodan,81,4,8239,0,2013-03-07T12:05:39Z,2026-06-02T10:52:28Z,True,False,2026-06-02 10:52:28+00:00,13,0
cyanharlow,17,0,8237,4,2014-06-30T22:05:47Z,2026-02-04T21:41:18Z,,False,2026-02-04 21:41:18+00:00,130,0
zero-to-mastery,126,0,8224,0,2018-01-12T14:20:57Z,2022-04-11T13:49:12Z,,False,2022-04-11 13:49:12+00:00,1526,1
davidbombal,17,0,8211,0,2016-10-07T10:49:44Z,2026-05-29T14:15:10Z,,False,2026-05-29 14:15:10+00:00,17,0
nihui,202,21,8203,38,2009-12-22T15:59:35Z,2026-05-21T07:08:06Z,,False,2026-05-21 07:08:06+00:00,25,0
espressif,319,0,8197,0,2014-10-30T09:42:08Z,2026-06-15T07:34:52Z,,False,2026-06-15 07:34:52+00:00,0,0
BilgisayarKavramlari,27,0,8189,0,2017-01-15T03:39:51Z,2026-02-24T22:43:58Z,True,False,2026-02-24 22:43:58+00:00,110,0
worldcoin,148,0,8182,0,2020-02-11T18:32:26Z,2026-04-08T16:59:58Z,,False,2026-04-08 16:59:58+00:00,68,0
bigtreetech,181,1,8182,4,2018-04-30T06:58:05Z,2026-02-26T00:11:16Z,,False,2026-02-26 00:11:16+00:00,109,0
shadowsocks,69,0,8169,0,2012-12-10T08:51:38Z,2026-06-07T11:43:02Z,,False,2026-06-07 11:43:02+00:00,8,0
Nutlope,96,1,8167,43,2020-04-15T17:25:15Z,2026-06-12T16:30:49Z,,False,2026-06-12 16:30:49+00:00,3,0
shuding,158,88,8157,353,2013-02-23T07:46:30Z,2026-05-27T05:36:33Z,,False,2026-05-27 05:36:33+00:00,19,0
ljharb,280,11,8149,430,2009-01-10T01:28:02Z,2026-05-26T15:16:37Z,,False,2026-05-26 15:16:37+00:00,20,0
rovo89,78,1,8138,2,2012-03-25T13:38:46Z,2026-06-13T00:03:57Z,,False,2026-06-13 00:03:57+00:00,2,0
blocage,5,0,8134,1,2024-01-14T21:29:25Z,2026-06-07T10:37:08Z,True,False,2026-06-07 10:37:08+00:00,8,0
jhcloos,14,0,8131,97,2011-06-09T22:23:57Z,2025-03-06T22:00:04Z,True,False,2025-03-06 22:00:04+00:00,465,1
git-ecosystem,4,0,8122,0,2020-04-28T08:27:20Z,2025-01-16T18:28:51Z,,False,2025-01-16 18:28:51+00:00,514,1
dai-shi,127,55,8122,1,2010-11-21T12:26:31Z,2026-05-19T03:36:03Z,True,False,2026-05-19 03:36:03+00:00,27,0
springframeworkguru,222,2,8120,2,2015-01-17T16:49:15Z,2026-04-12T14:10:28Z,,False,2026-04-12 14:10:28+00:00,64,0
sharkdp,119,37,8109,25,2013-04-20T11:07:58Z,2026-05-09T09:35:36Z,True,False,2026-05-09 09:35:36+00:00,37,0
lemire,380,96,8108,71,2010-09-08T12:54:35Z,2026-06-12T00:42:54Z,True,False,2026-06-12 00:42:54+00:00,3,0
safak,44,1,8104,0,2012-02-29T20:07:57Z,2026-04-01T10:22:22Z,,False,2026-04-01 10:22:22+00:00,75,0
AsmrProg-YT,38,0,8100,0,2022-11-08T09:22:46Z,2025-11-24T13:40:34Z,,False,2025-11-24 13:40:34+00:00,203,1
mercyblitz,76,0,8091,103,2010-12-22T10:08:37Z,2026-05-24T12:56:34Z,,False,2026-05-24 12:56:34+00:00,22,0
ethanflower1903,324,0,8089,51196,2021-05-23T07:32:39Z,2026-05-21T17:59:15Z,,False,2026-05-21 17:59:15+00:00,24,0
cami-la,163,9,8078,19,2020-04-25T16:30:56Z,2026-05-02T15:46:34Z,,False,2026-05-02 15:46:34+00:00,44,0
Trinkle23897,28,0,8067,52,2014-07-17T08:24:37Z,2026-05-28T02:35:33Z,,False,2026-05-28 02:35:33+00:00,18,0
DataTalksClub,34,0,8045,0,2020-10-11T14:44:57Z,2024-01-31T10:02:55Z,,False,2024-01-31 10:02:55+00:00,866,1
CarGuo,67,0,8013,2,2015-01-30T08:39:59Z,2026-06-02T11:45:38Z,True,False,2026-06-02 11:45:38+00:00,13,0
drakeet,19,15,8012,112,2013-08-12T14:11:54Z,2026-05-19T04:02:14Z,,False,2026-05-19 04:02:14+00:00,27,0
DeborahK,96,0,8003,1,2014-06-25T15:31:31Z,2026-05-24T11:48:53Z,,False,2026-05-24 11:48:53+00:00,22,0
Rafaelmdcarneiro,294,0,7994,21,2016-08-11T02:19:56Z,2026-05-21T19:05:55Z,,False,2026-05-21 19:05:55+00:00,24,0
taikoxyz,129,0,7984,0,2022-02-05T12:22:32Z,2026-05-15T10:48:36Z,,False,2026-05-15 10:48:36+00:00,31,0
rengwuxian,68,1,7983,25,2013-05-17T07:07:56Z,2026-05-30T05:53:00Z,,False,2026-05-30 05:53:00+00:00,16,0
yetone,630,47,7974,1008,2011-11-19T14:26:08Z,2026-04-24T14:30:17Z,True,False,2026-04-24 14:30:17+00:00,52,0
andrewyng,5,0,7950,0,2013-02-26T22:38:58Z,2026-05-09T00:27:09Z,,False,2026-05-09 00:27:09+00:00,37,0
joshwcomeau,234,49,7947,26,2014-02-15T22:07:50Z,2026-04-21T23:13:52Z,,False,2026-04-21 23:13:52+00:00,54,0
LaravelDaily,491,2,7932,0,2015-10-27T11:27:30Z,2025-09-01T14:31:39Z,True,False,2025-09-01 14:31:39+00:00,287,1
fazt,255,10,7910,17,2015-08-05T20:59:22Z,2026-06-14T09:38:34Z,True,False,2026-06-14 09:38:34+00:00,1,0
Yangqing,53,4,7887,21,2011-01-06T23:56:57Z,2026-06-02T19:50:34Z,,False,2026-06-02 19:50:34+00:00,12,0
rsms,179,216,7882,46,2009-01-16T10:29:16Z,2026-03-17T00:44:44Z,,False,2026-03-17 00:44:44+00:00,90,0
zcbenz,39,0,7864,43,2011-02-26T14:16:12Z,2026-01-17T06:59:36Z,,False,2026-01-17 06:59:36+00:00,149,0
rougier,300,63,7858,3,2010-07-09T07:44:10Z,2025-11-23T08:47:16Z,,False,2025-11-23 08:47:16+00:00,204,1
remy,369,266,7856,5,2008-06-14T07:24:29Z,2026-05-02T09:59:08Z,True,False,2026-05-02 09:59:08+00:00,44,0
Huxpro,103,14,7851,136,2013-09-28T09:18:44Z,2026-06-12T05:49:11Z,,False,2026-06-12 05:49:11+00:00,3,0
Germey,215,10,7844,358,2014-09-06T14:34:23Z,2026-06-14T18:10:58Z,,False,2026-06-14 18:10:58+00:00,0,0
giswqs,343,92,7839,178,2013-07-15T21:12:53Z,2026-06-14T11:17:56Z,,False,2026-06-14 11:17:56+00:00,1,0
emmabostian,61,210,7837,15,2014-05-22T17:47:40Z,2024-09-25T07:37:29Z,,False,2024-09-25 07:37:29+00:00,628,1
historicalsource,329,0,7811,0,2019-04-13T22:24:36Z,2025-11-23T02:50:25Z,,False,2025-11-23 02:50:25+00:00,204,1
emilk,77,19,7795,33,2011-10-24T16:40:17Z,2026-06-05T10:45:04Z,,False,2026-06-05 10:45:04+00:00,10,0
bagder,52,112,7791,24,2010-01-05T21:58:22Z,2026-06-04T20:38:20Z,,False,2026-06-04 20:38:20+00:00,10,0
felipefialho,37,15,7788,259,2013-02-15T15:54:03Z,2026-05-18T11:39:52Z,True,False,2026-05-18 11:39:52+00:00,28,0
ryanb,74,64,7774,97,2008-02-07T22:42:25Z,2026-03-13T20:30:26Z,,False,2026-03-13 20:30:26+00:00,93,0
mxcl,76,47,7751,36,2009-02-28T22:54:13Z,2026-06-03T10:40:05Z,,False,2026-06-03 10:40:05+00:00,12,0
graydon,615,23,7724,498,2008-06-17T21:32:10Z,2026-04-15T22:15:39Z,,False,2026-04-15 22:15:39+00:00,60,0
arpitbbhayani,201,47,7712,5,2013-06-20T06:40:12Z,2026-05-27T06:59:26Z,True,False,2026-05-27 06:59:26+00:00,19,0
dabit3,480,367,7700,192,2012-06-16T17:13:25Z,2026-05-31T12:45:17Z,,False,2026-05-31 12:45:17+00:00,15,0
mbahomaid,74,0,7685,221,2024-08-19T00:23:47Z,2026-04-07T18:12:17Z,,False,2026-04-07 18:12:17+00:00,68,0
satya-nutella,116,0,7684,1,2021-03-06T16:20:46Z,2026-06-03T16:50:51Z,True,False,2026-06-03 16:50:51+00:00,12,0
Fuelet,7,0,7684,0,2022-12-07T10:34:20Z,2024-10-15T19:53:17Z,,False,2024-10-15 19:53:17+00:00,607,1
bashbunni,53,18,7675,169,2015-11-12T20:11:43Z,2026-06-08T18:37:55Z,,False,2026-06-08 18:37:55+00:00,6,0
itsKayWat,81,0,7671,77398,2024-10-20T06:49:21Z,2026-06-02T02:37:19Z,,False,2026-06-02 02:37:19+00:00,13,0
JCSIVO,34,0,7644,107186,2022-04-25T18:28:20Z,2026-04-18T14:43:44Z,,False,2026-04-18 14:43:44+00:00,58,0
liuyubobobo,35,1,7627,82,2012-07-28T17:36:13Z,2026-06-09T18:39:50Z,True,False,2026-06-09 18:39:50+00:00,5,0
sebastianbergmann,71,10,7619,0,2008-09-18T17:30:06Z,2026-01-02T05:51:17Z,,False,2026-01-02 05:51:17+00:00,164,0
hehonghui,294,0,7609,23,2012-04-27T02:19:57Z,2026-02-26T14:02:25Z,,False,2026-02-26 14:02:25+00:00,109,0
U7P4L-IN,30,0,7589,0,2023-01-29T10:06:53Z,2026-05-11T00:12:36Z,True,False,2026-05-11 00:12:36+00:00,35,0
rrousselGit,69,42,7579,61,2016-06-27T10:44:50Z,2025-11-15T18:56:17Z,,False,2025-11-15 18:56:17+00:00,211,1
swyxio,725,86,7553,177,2014-02-23T19:41:46Z,2026-05-30T17:59:09Z,,False,2026-05-30 17:59:09+00:00,15,0
microsoftopensource,0,0,7542,0,2016-09-29T17:32:36Z,2026-03-07T19:57:36Z,,False,2026-03-07 19:57:36+00:00,99,0
w3c,1092,0,7541,0,2010-08-28T19:19:53Z,2026-05-22T11:37:03Z,,False,2026-05-22 11:37:03+00:00,24,0
amusi,255,0,7536,538,2016-09-26T01:28:32Z,2026-06-08T04:21:14Z,,False,2026-06-08 04:21:14+00:00,7,0
kepano,37,8,7525,45,2015-01-16T19:37:35Z,2026-02-02T08:00:20Z,,False,2026-02-02 08:00:20+00:00,133,0
LuNiZz,37,1,7505,0,2013-07-11T04:57:22Z,2025-12-25T10:29:02Z,,False,2025-12-25 10:29:02+00:00,172,0
apna-college,12,0,7498,0,2021-12-17T16:10:14Z,2025-07-14T04:45:06Z,,False,2025-07-14 04:45:06+00:00,336,1
nholuongut,1802,0,7493,255562,2019-12-07T12:12:32Z,2026-06-05T09:12:05Z,True,False,2026-06-05 09:12:05+00:00,10,0
zloirock,10,0,7492,6,2012-08-24T19:57:37Z,2026-05-25T03:47:21Z,True,False,2026-05-25 03:47:21+00:00,21,0
jph00,63,91,7471,3,2010-07-28T13:53:32Z,2026-06-11T09:09:51Z,,False,2026-06-11 09:09:51+00:00,4,0
JohnSundell,65,62,7471,6,2012-10-01T20:15:13Z,2026-03-24T09:08:41Z,,False,2026-03-24 09:08:41+00:00,83,0
ip681,19,0,7469,14060,2019-03-22T17:45:33Z,2026-05-06T17:23:30Z,,False,2026-05-06 17:23:30+00:00,39,0
appleboy,608,62,7461,307,2008-08-26T02:05:56Z,2026-06-06T09:44:55Z,True,False,2026-06-06 09:44:55+00:00,9,0
mjackson,199,77,7451,36,2009-06-07T14:26:52Z,2026-06-14T03:37:19Z,,False,2026-06-14 03:37:19+00:00,1,0
learnwithsumit,77,0,7437,3,2020-10-26T22:37:41Z,2026-03-19T13:14:42Z,,False,2026-03-19 13:14:42+00:00,88,0
rdpeng,91,0,7428,4,2008-05-07T19:34:04Z,2026-05-21T16:50:50Z,,False,2026-05-21 16:50:50+00:00,25,0
ddgksf2013,10,0,7424,0,2022-10-27T23:22:24Z,2026-02-24T07:30:00Z,,False,2026-02-24 07:30:00+00:00,111,0
loveBabbar,14,0,7418,1,2017-06-16T18:24:13Z,2026-06-06T06:38:54Z,True,False,2026-06-06 06:38:54+00:00,9,0
jtleek,113,21,7416,7,2012-03-24T18:16:43Z,2026-06-01T21:03:57Z,,False,2026-06-01 21:03:57+00:00,13,0
cncf,167,0,7406,0,2015-07-22T17:38:32Z,2025-11-07T20:07:43Z,,False,2025-11-07 20:07:43+00:00,219,1
affaan-m,27,0,7396,20,2023-02-04T11:57:38Z,2026-06-14T17:27:47Z,True,False,2026-06-14 17:27:47+00:00,0,0
trinhminhtriet,97,4,7386,53783,2012-04-17T08:04:20Z,2026-05-27T10:13:51Z,True,False,2026-05-27 10:13:51+00:00,19,0
willianjusten,108,6,7377,84,2013-03-28T04:21:06Z,2026-06-11T21:11:19Z,,False,2026-06-11 21:11:19+00:00,3,0
SuperSimpleDev,12,14,7376,0,2020-09-01T19:45:20Z,2026-03-31T21:55:57Z,,False,2026-03-31 21:55:57+00:00,75,0
steveklabnik,846,164,7363,222,2008-10-06T17:40:28Z,2026-05-28T21:10:20Z,,False,2026-05-28 21:10:20+00:00,17,0
intel-restricted,0,0,7349,0,2020-09-16T16:19:29Z,2025-11-14T16:35:45Z,,False,2025-11-14 16:35:45+00:00,213,1
shengxinjing,350,1,7349,134,2012-06-29T07:34:57Z,2026-05-29T18:58:27Z,True,False,2026-05-29 18:58:27+00:00,16,0
afc163,272,8,7348,512,2010-12-03T06:35:28Z,2026-05-22T11:38:03Z,,False,2026-05-22 11:38:03+00:00,24,0
singwhatiwanna,26,0,7342,17,2013-01-23T02:23:57Z,2026-04-27T08:34:35Z,,False,2026-04-27 08:34:35+00:00,49,0
open-telemetry,102,0,7342,0,2019-04-25T20:20:57Z,2025-11-07T20:07:51Z,,False,2025-11-07 20:07:51+00:00,219,1
aplus-developer,7,0,7340,9363,2021-08-19T11:42:46Z,2026-05-24T00:55:26Z,,False,2026-05-24 00:55:26+00:00,22,0
Shehab-Hegab,175,0,7340,2055,2023-06-20T04:00:24Z,2026-06-01T15:14:15Z,,False,2026-06-01 15:14:15+00:00,14,0
TommyZihao,145,1,7326,60,2018-02-11T05:13:21Z,2026-05-28T13:14:11Z,,False,2026-05-28 13:14:11+00:00,18,0
murapadev,16,1,7325,7709,2015-01-16T05:07:31Z,2026-05-23T04:19:46Z,,False,2026-05-23 04:19:46+00:00,23,0
mattdesl,638,366,7307,28,2012-01-27T02:25:47Z,2026-06-15T08:00:58Z,,False,2026-06-15 08:00:58+00:00,0,0
massgravel,13,0,7304,0,2020-01-12T12:37:06Z,2025-11-24T06:45:22Z,,False,2025-11-24 06:45:22+00:00,203,1
dalindev,46,5,7299,159075,2014-01-26T20:07:36Z,2026-03-29T05:00:17Z,,False,2026-03-29 05:00:17+00:00,78,0
vercel-labs,296,0,7295,0,2022-07-01T17:46:06Z,2026-03-05T15:17:38Z,,False,2026-03-05 15:17:38+00:00,102,0
yuanming-hu,50,0,7291,48,2014-01-31T11:49:49Z,2026-04-13T03:18:07Z,,False,2026-04-13 03:18:07+00:00,63,0
poteto,86,230,7289,11,2012-01-30T07:35:52Z,2026-06-12T01:12:53Z,,False,2026-06-12 01:12:53+00:00,3,0
EddieHubCommunity,31,0,7281,0,2020-06-03T20:20:26Z,2026-06-08T18:23:18Z,,False,2026-06-08 18:23:18+00:00,6,0
